<?xml version="1.0" encoding="utf-8" ?>
<Monsters>
  <Ailments Max="25">
    <Ailment Id="0" Name="0" Skip="True" Group="UNKNOWN"/>
    <Ailment Id="1" Name="STATUS_POISON" Skip="False" Group="POISON"/>
    <Ailment Id="2" Name="STATUS_PARALYSIS" Skip="False" Group="PARALYSIS"/>
    <Ailment Id="3" Name="STATUS_SLEEP" Skip="False" Group="SLEEP"/>
    <Ailment Id="4" Name="STATUS_BLAST" Skip="False" Group="BLAST"/>
    <Ailment Id="5" Name="STATUS_MOUNT" Skip="False" Group="MOUNT"/>
    <Ailment Id="6" Name="STATUS_EXHAUSTION" Skip="False" Group="EXHAUSTION"/>
    <Ailment Id="7" Name="STATUS_STUN" Skip="False" Group="STUN"/>
    <Ailment Id="8" Name="STATUS_TRANQUILIZE" Skip="False" Group="TRANQUILIZE"/>
    <Ailment Id="9" Name="STATUS_FLASH" Skip="False" Group="FLASH"/>
    <Ailment Id="10" Name="STATUS_FLASH" Skip="False" Group="FLASH"/>
    <Ailment Id="11" Name="STATUS_KNOCKDOWN" Skip="False" Group="KNOCKDOWN"/>
    <Ailment Id="12" Name="STATUS_DUNGPOD" Skip="False" Group="DUNGPOD"/>
    <Ailment Id="13" Name="13" Skip="True" Group="UNKNOWN"/>
    <Ailment Id="14" Name="STATUS_SHOCKTRAP" Skip="False" Group="TRAP"/>
    <Ailment Id="15" Name="STATUS_PITFALLTRAP" Skip="False" Group="TRAP"/>
    <Ailment Id="16" Name="STATUS_VINETRAP" Skip="False" Group="TRAP"/>
    <Ailment Id="17" Name="17" Skip="True" Group="UNKNOWN"/>
    <Ailment Id="18" Name="STATUS_ELDERSEAL" Skip="False" Group="ELDERSEAL"/>
    <Ailment Id="19" Name="STATUS_SMOKING" Skip="False" Group="SMOKING"/>
    <Ailment Id="20" Name="20" Skip="True" Group="UNKNOWN"/>
    <Ailment Id="21" Name="STATUS_FELYNETRAP" Skip="False" Group="TRAP"/>
    <Ailment Id="22" Name="STATUS_CLAW" Skip="False" Group="CLAW"/>
    <Ailment Id="23" Name="STATUS_VIOLATED" Skip="False" Group="CLAW"/>
    <Ailment Id="24" Name="STATUS_BANISHMENT_BALL" Skip="False" Group="MISC"/>
    <Ailment Id="999" Name="STATUS_ENRAGE" Skip="False" Group="ENRAGE" Type="1"/>
  </Ailments>
  <Monster ID="ems062_03" Capture="0" GameID="98">
    <Weaknesses/>
    <Crown Mini="0.9" Silver="1.15" Gold="1.23"/>
    <Parts Max="3">
      <Part Name="MONSTER_PART_UNKNOWN" Group="MISC" TenderizeIds="0,2"/>
      <Part Name="MONSTER_PART_UNKNOWN" Group="MISC" TenderizeIds="1"/>
      <Part Name="MONSTER_PART_UNKNOWN" Group="MISC" TenderizeIds="3"/>
    </Parts>
  </Monster>
  <Monster ID="em001_00" Capture="25" GameID="9"> <!-- Rathian -->
    <Weaknesses>
      <Weakness ID="ELEMENT_DRAGON" Stars="3"/>
      <Weakness ID="ELEMENT_THUNDER" Stars="2"/>
    </Weaknesses>
    <Crown Mini="0.9" Silver="1.15" Gold="1.23"/>
    <Parts Max="8">
      <Part Name="MONSTER_PART_REMOVABLE_TAIL" IsRemovable="True">
        <Break Threshold="1"/>
      </Part>
      <Part Name="MONSTER_PART_HEAD" Group="HEAD" TenderizeIds="0,5">
        <Break Threshold="2"/>
      </Part>
      <Part Name="MONSTER_PART_BODY" Group="BODY">
        <Break Threshold="1"/>
      </Part>
      <Part Name="MONSTER_PART_LWING" Group="WING" TenderizeIds="1,2">
        <Break Threshold="1"/>
      </Part>
      <Part Name="MONSTER_PART_RWING" Group="WING" TenderizeIds="6,7">
        <Break Threshold="1"/>
      </Part>
      <Part Name="MONSTER_PART_LLEG" Group="LEG" TenderizeIds="3"/>
      <Part Name="MONSTER_PART_RLEG" Group="LEG" TenderizeIds="8"/>
      <Part Name="MONSTER_PART_TAIL" Group="TAIL" TenderizeIds="4,9"/>
    </Parts>
  </Monster>
  <Monster ID="em001_01" Capture="25"  GameID="10"> <!-- Pink Rathian -->
    <Weaknesses>
      <Weakness ID="ELEMENT_DRAGON" Stars="3"/>
      <Weakness ID="ELEMENT_THUNDER" Stars="2"/>
    </Weaknesses>
    <Crown Mini="0.9" Silver="1.15" Gold="1.23"/>
    <Parts Max="8">
      <Part Name="MONSTER_PART_REMOVABLE_TAIL" IsRemovable="True">
        <Break Threshold="1"/>
      </Part>
      <Part Name="MONSTER_PART_HEAD" Group="HEAD" TenderizeIds="0,5">
        <Break Threshold="2"/>
      </Part>
      <Part Name="MONSTER_PART_BODY" Group="BODY">
        <Break Threshold="1"/>
      </Part>
      <Part Name="MONSTER_PART_LWING" Group="WING" TenderizeIds="1,2">
        <Break Threshold="1"/>
      </Part>
      <Part Name="MONSTER_PART_RWING" Group="WING" TenderizeIds="6,7">
        <Break Threshold="1"/>
      </Part>
      <Part Name="MONSTER_PART_LLEG" Group="LEG" TenderizeIds="3"/>
      <Part Name="MONSTER_PART_RLEG" Group="LEG" TenderizeIds="8"/>
      <Part Name="MONSTER_PART_TAIL" Group="TAIL" TenderizeIds="4,9"/>
    </Parts>
  </Monster>
  <Monster ID="em001_02" Capture="10"  GameID="88"> <!-- Gold Rathian -->
    <Weaknesses>
      <Weakness ID="ELEMENT_THUNDER" Stars="3"/>
      <Weakness ID="ELEMENT_WATER" Stars="2"/>
    </Weaknesses>
    <Crown Mini="0.9" Silver="1.15" Gold="1.23"/>
    <Parts Max="9">
      <Part Name="MONSTER_PART_BIG_FLINCH" IsRemovable="True" Index="1"/>
      <Part Name="MONSTER_PART_REMOVABLE_TAIL" IsRemovable="True" Index="0">
        <Break Threshold="1"/>
      </Part>
      <Part Name="MONSTER_PART_HEAD" Group="HEAD" TenderizeIds="0,5">
        <Break Threshold="2"/>
      </Part>
      <Part Name="MONSTER_PART_BODY" Group="BODY">
        <Break Threshold="1"/>
      </Part>
      <Part Name="MONSTER_PART_LWING" Group="WING" TenderizeIds="1,2">
        <Break Threshold="1"/>
      </Part>
      <Part Name="MONSTER_PART_RWING" Group="WING" TenderizeIds="6,7">
        <Break Threshold="1"/>
      </Part>
      <Part Name="MONSTER_PART_LLEG" Group="LEG" TenderizeIds="3"/>
      <Part Name="MONSTER_PART_RLEG" Group="LEG" TenderizeIds="8"/>
      <Part Name="MONSTER_PART_TAIL" Group="TAIL" TenderizeIds="4,9"/>
    </Parts>
  </Monster>
  <Monster ID="em002_00" Capture="20"  GameID="1"> <!-- Rathalos -->
    <Weaknesses>
      <Weakness ID="ELEMENT_DRAGON" Stars="3"/>
      <Weakness ID="ELEMENT_THUNDER" Stars="2"/>
    </Weaknesses>
    <Crown Mini="0.9" Silver="1.15" Gold="1.23"/>
    <Parts Max="8">
      <Part Name="MONSTER_PART_REMOVABLE_TAIL" IsRemovable="True">
        <Break Threshold="1"/>
      </Part>
      <Part Name="MONSTER_PART_HEAD" Group="HEAD" TenderizeIds="0,5">
        <Break Threshold="2"/>
      </Part>
      <Part Name="MONSTER_PART_BODY" Group="BODY">
        <Break Threshold="1"/>
      </Part>
      <Part Name="MONSTER_PART_LWING" Group="WING" TenderizeIds="1,2">
        <Break Threshold="1"/>
      </Part>
      <Part Name="MONSTER_PART_RWING" Group="WING" TenderizeIds="6,7">
        <Break Threshold="1"/>
      </Part>
      <Part Name="MONSTER_PART_LLEG" Group="LEG" TenderizeIds="3"/>
      <Part Name="MONSTER_PART_RLEG" Group="LEG" TenderizeIds="8"/>
      <Part Name="MONSTER_PART_TAIL" Group="TAIL" TenderizeIds="4,9"/>
    </Parts>
  </Monster>
  <Monster ID="em002_01" Capture="15"  GameID="11"> <!-- Azure Rathalos -->
    <Weaknesses>
      <Weakness ID="ELEMENT_DRAGON" Stars="3"/>
      <Weakness ID="ELEMENT_ICE" Stars="2"/>
    </Weaknesses>
    <Crown Mini="0.9" Silver="1.15" Gold="1.23"/>
    <Parts Max="8">
      <Part Name="MONSTER_PART_REMOVABLE_TAIL" IsRemovable="True">
        <Break Threshold="1"/>
      </Part>
      <Part Name="MONSTER_PART_HEAD" Group="HEAD" TenderizeIds="0,5">
        <Break Threshold="2"/>
      </Part>
      <Part Name="MONSTER_PART_BODY" Group="BODY">
        <Break Threshold="1"/>
      </Part>
      <Part Name="MONSTER_PART_LWING" Group="WING" TenderizeIds="1,2">
        <Break Threshold="1"/>
      </Part>
      <Part Name="MONSTER_PART_RWING" Group="WING" TenderizeIds="6,7">
        <Break Threshold="1"/>
      </Part>
      <Part Name="MONSTER_PART_LLEG" Group="LEG" TenderizeIds="3"/>
      <Part Name="MONSTER_PART_RLEG" Group="LEG" TenderizeIds="8"/>
      <Part Name="MONSTER_PART_TAIL" Group="TAIL" TenderizeIds="4,9"/>
    </Parts>
  </Monster>
  <Monster ID="em002_02" Capture="10"  GameID="89"> <!-- Silver Rathalos -->
    <Weaknesses>
      <Weakness ID="ELEMENT_WATER" Stars="3"/>
      <Weakness ID="ELEMENT_THUNDER" Stars="2"/>
    </Weaknesses>
    <Crown Mini="0.9" Silver="1.15" Gold="1.23"/>
    <Parts Max="9">
      <Part Name="MONSTER_PART_BIG_FLINCH" IsRemovable="True" Index="1"/>
      <Part Name="MONSTER_PART_REMOVABLE_TAIL" IsRemovable="True" Index="0">
        <Break Threshold="1"/>
      </Part>
      <Part Name="MONSTER_PART_HEAD" Group="HEAD" TenderizeIds="0,5">
        <Break Threshold="2"/>
      </Part>
      <Part Name="MONSTER_PART_BODY" Group="BODY">
        <Break Threshold="1"/>
      </Part>
      <Part Name="MONSTER_PART_LWING" Group="WING" TenderizeIds="1,2">
        <Break Threshold="1"/>
      </Part>
      <Part Name="MONSTER_PART_RWING" Group="WING" TenderizeIds="6,7">
        <Break Threshold="1"/>
      </Part>
      <Part Name="MONSTER_PART_LLEG" Group="LEG" TenderizeIds="3"/>
      <Part Name="MONSTER_PART_RLEG" Group="LEG" TenderizeIds="8"/>
      <Part Name="MONSTER_PART_TAIL" Group="TAIL" TenderizeIds="4,9"/>
    </Parts>
  </Monster>
  <Monster ID="em007_00" Capture="20"  GameID="12"> <!-- Diablos -->
    <Weaknesses>
      <Weakness ID="ELEMENT_ICE" Stars="3"/>
      <Weakness ID="ELEMENT_WATER" Stars="2"/>
    </Weaknesses>
    <Crown Mini="0.9" Silver="1.15" Gold="1.23"/>
    <Parts Max="9">
      <Part Name="MONSTER_PART_REMOVABLE_HORNS" IsRemovable="True">
        <Break Threshold="1"/>
        <Break Threshold="2"/>
      </Part>
      <Part Name="MONSTER_PART_REMOVABLE_TAIL" IsRemovable="True">
        <Break Threshold="1"/>
      </Part>
      <Part Name="MONSTER_PART_HEAD" Group="HEAD" TenderizeIds="0,4"/>
      <Part Name="MONSTER_PART_BODY" Group="BODY" TenderizeIds="1,5">
        <Break Threshold="1"/>
      </Part>
      <Part Name="MONSTER_PART_LWING" Group="WING"/>
      <Part Name="MONSTER_PART_RWING" Group="WING"/>
      <Part Name="MONSTER_PART_LLEG" Group="LEG" TenderizeIds="2"/>
      <Part Name="MONSTER_PART_RLEG" Group="LEG" TenderizeIds="6"/>
      <Part Name="MONSTER_PART_TAIL" Group="TAIL" TenderizeIds="3,7"/>
    </Parts>
  </Monster>
  <Monster ID="em007_01" Capture="15"  GameID="13"> <!-- Black Diablos -->
    <Weaknesses>
      <Weakness ID="ELEMENT_ICE" Stars="3"/>
      <Weakness ID="ELEMENT_WATER" Stars="2"/>
    </Weaknesses>
    <Crown Mini="0.9" Silver="1.15" Gold="1.23"/>
    <Parts Max="9">
      <Part Name="MONSTER_PART_REMOVABLE_HORNS" IsRemovable="True">
        <Break Threshold="1"/>
        <Break Threshold="2"/>
      </Part>
      <Part Name="MONSTER_PART_REMOVABLE_TAIL" IsRemovable="True">
        <Break Threshold="1"/>
      </Part>
      <Part Name="MONSTER_PART_HEAD" Group="HEAD" TenderizeIds="0,4"/>
      <Part Name="MONSTER_PART_BODY" Group="BODY" TenderizeIds="1,5">
        <Break Threshold="1"/>
      </Part>
      <Part Name="MONSTER_PART_LWING" Group="WING"/>
      <Part Name="MONSTER_PART_RWING" Group="WING"/>
      <Part Name="MONSTER_PART_LLEG" Group="LEG" TenderizeIds="2"/>
      <Part Name="MONSTER_PART_RLEG" Group="LEG" TenderizeIds="6"/>
      <Part Name="MONSTER_PART_TAIL" Group="TAIL" TenderizeIds="3,7"/>
    </Parts>
  </Monster>
  <Monster ID="em011_00" Capture="0"  GameID="14"> <!-- Kirin -->
    <Weaknesses>
      <Weakness ID="ELEMENT_FIRE" Stars="3"/>
      <Weakness ID="ELEMENT_WATER" Stars="2"/>
    </Weaknesses>
    <Crown Mini="0.9" Silver="1.15" Gold="1.23"/>
    <Parts Max="3">
      <Part Name="MONSTER_PART_HORN" Group="HORN" TenderizeIds="0,2">
        <Break Threshold="1" HasConditions="True" MinFlinch="1" MinHealth="15"/>
      </Part>
      <Part Name="MONSTER_PART_ARMS" Group="ARM" TenderizeIds="1,3"/>
      <Part Name="MONSTER_PART_LEGS" Group="LEG" TenderizeIds="1,3"/>
    </Parts>
  </Monster>
  <Monster ID="em013_00" Capture="0"  GameID="101">
    <!-- Fatalis -->
    <Weaknesses>
      <Weakness ID="ELEMENT_DRAGON" Stars="3"/>
      <Weakness ID="ELEMENT_FIRE" Stars="2"/>
    </Weaknesses>
    <Crown Mini="0.9" Silver="1.15" Gold="1.23"/>
    <Parts Max="12">
      <Part Name="MONSTER_PART_KNOCKDOWN" IsRemovable="True"/>
      <Part Name="MONSTER_PART_HEAD" Group="HEAD" TenderizeIds="0,3">
        <Break Threshold="3"/>
        <Break Threshold="6"/>
      </Part>
      <Part Name="MONSTER_PART_NECK" Group="NECK"/>
      <Part Name="MONSTER_PART_CHEST" Group="CHEST">
        <Break Threshold="2"/>
      </Part>
      <Part Name="MONSTER_PART_BODY" Group="BODY"/>
      <Part Name="MONSTER_PART_LARM" Group="ARM" TenderizeIds="1,4"/>
      <Part Name="MONSTER_PART_RARM" Group="ARM" TenderizeIds="1,4"/>
      <Part Name="MONSTER_PART_LLEG" Group="LEG" TenderizeIds="2"/>
      <Part Name="MONSTER_PART_RLEG" Group="LEG" TenderizeIds="5"/>
      <Part Name="MONSTER_PART_LWING" Group="WING">
        <Break Threshold="1"/>
      </Part>
      <Part Name="MONSTER_PART_RWING" Group="WING">
        <Break Threshold="1"/>
      </Part>
      <Part Name="MONSTER_PART_TAIL" Group="TAIL"/>
    </Parts>
  </Monster>
  <Monster ID="em018_00" Capture="20"  GameID="90"> <!-- Yian Garuga -->
    <Weaknesses>
      <Weakness ID="ELEMENT_WATER" Stars="3"/>
      <Weakness ID="ELEMENT_DRAGON" Stars="2"/>
    </Weaknesses>
    <Crown Mini="0.9" Silver="1.15" Gold="1.23"/>
    <Parts Max="8">
      <Part Name="MONSTER_PART_REMOVABLE_TAIL" IsRemovable="True">
        <Break Threshold="1"/>
      </Part>
      <Part Name="MONSTER_PART_HEAD" Group="HEAD" TenderizeIds="0,5">
        <Break Threshold="2"/>
        <Break Threshold="4"/>
      </Part>
      <Part Name="MONSTER_PART_BODY" Group="BODY">
        <Break Threshold="1"/>
      </Part>
      <Part Name="MONSTER_PART_LLEG" Group="LEG" TenderizeIds="3"/>
      <Part Name="MONSTER_PART_RLEG" Group="LEG" TenderizeIds="8"/>
      <Part Name="MONSTER_PART_LWING" Group="WING" TenderizeIds="1,2">
        <Break Threshold="1"/>
      </Part>
      <Part Name="MONSTER_PART_RWING" Group="WING" TenderizeIds="6,7">
        <Break Threshold="1"/>
      </Part>
      <Part Name="MONSTER_PART_TAIL" Group="TAIL" TenderizeIds="4,9"/>
    </Parts>
  </Monster>
  <Monster ID="em018_05" Capture="15"  GameID="99"> <!-- Scarred Yian Garuga -->
    <Weaknesses>
      <Weakness ID="ELEMENT_WATER" Stars="3"/>
      <Weakness ID="ELEMENT_DRAGON" Stars="2"/>
    </Weaknesses>
    <Crown Mini="0.9" Silver="1.15" Gold="1.23"/>
    <Parts Max="8">
      <Part Name="MONSTER_PART_REMOVABLE_TAIL" IsRemovable="True">
        <Break Threshold="1"/>
      </Part>
      <Part Name="MONSTER_PART_HEAD" Group="HEAD" TenderizeIds="0,5">
        <Break Threshold="2"/>
        <Break Threshold="4"/>
      </Part>
      <Part Name="MONSTER_PART_BODY" Group="BODY">
        <Break Threshold="1"/>
      </Part>
      <Part Name="MONSTER_PART_LLEG" Group="LEG" TenderizeIds="3"/>
      <Part Name="MONSTER_PART_RLEG" Group="LEG" TenderizeIds="8"/>
      <Part Name="MONSTER_PART_LWING" Group="WING" TenderizeIds="1,2">
        <Break Threshold="1"/>
      </Part>
      <Part Name="MONSTER_PART_RWING" Group="WING" TenderizeIds="6,7">
        <Break Threshold="1"/>
      </Part>
      <Part Name="MONSTER_PART_TAIL" Group="TAIL" TenderizeIds="4,9"/>
    </Parts>
  </Monster>
  <Monster ID="em023_00" Capture="15"  GameID="91"> <!-- Rajang -->
    <Weaknesses>
      <Weakness ID="ELEMENT_ICE" Stars="3"/>
      <Weakness ID="ELEMENT_WATER" Stars="1"/>
    </Weaknesses>
    <Crown Mini="0.9" Silver="1.11" Gold="1.18"/>
    <Parts Max="11">
      <Part Name="MONSTER_PART_REMOVABLE_HORNS" IsRemovable="True" Index="0">
        <Break Threshold="1"/>
      </Part>
      <Part Name="MONSTER_PART_REMOVABLE_TAIL" IsRemovable="True" Index="2">
        <Break Threshold="1"/>
      </Part>
      <Part Name="MONSTER_PART_REMOVABLE_HORNS_2" IsRemovable="True" Index="1">
        <Break Threshold="1"/>
      </Part>
      <Part Name="MONSTER_PART_RAGE" IsRemovable="True" Index="3"/>
      <Part Name="MONSTER_PART_HEAD" Group="HEAD"/>
      <Part Name="MONSTER_PART_BODY" Group="BODY"/>
      <Part Name="MONSTER_PART_LARM" Group="ARM" TenderizeIds="0">
        <Break Threshold="1"/>
      </Part>
      <Part Name="MONSTER_PART_RARM" Group="ARM" TenderizeIds="2">
        <Break Threshold="1"/>
      </Part>
      <Part Name="MONSTER_PART_LLEG" Group="LEG" TenderizeIds="1,3"/>
      <Part Name="MONSTER_PART_RLEG" Group="LEG" TenderizeIds="1,3"/>
      <Part Name="MONSTER_PART_TAIL" Group="TAIL"/>
    </Parts>
  </Monster>
  <Monster ID="em023_05" Capture="10"  GameID="92"> <!-- Furious Rajang -->
    <Weaknesses>
      <Weakness ID="ELEMENT_ICE" Stars="3"/>
      <Weakness ID="ELEMENT_WATER" Stars="1"/>
    </Weaknesses>
    <Crown Mini="0.9" Silver="1.11" Gold="1.18"/>
    <Parts Max="11">
      <Part Name="MONSTER_PART_REMOVABLE_HORNS" IsRemovable="True" Index="0">
        <Break Threshold="1"/>
      </Part>
      <Part Name="MONSTER_PART_REMOVABLE_TAIL" IsRemovable="True" Index="2"/>
      <Part Name="MONSTER_PART_REMOVABLE_HORNS_2" IsRemovable="True" Index="1">
        <Break Threshold="1"/>
      </Part>
      <Part Name="MONSTER_PART_RAGE" IsRemovable="True" Index="3"/>
      <Part Name="MONSTER_PART_HEAD" Group="HEAD"/>
      <Part Name="MONSTER_PART_BODY" Group="BODY"/>
      <Part Name="MONSTER_PART_LARM" Group="ARM" TenderizeIds="0">
        <Break Threshold="1"/>
      </Part>
      <Part Name="MONSTER_PART_RARM" Group="ARM" TenderizeIds="2">
        <Break Threshold="1"/>
      </Part>
      <Part Name="MONSTER_PART_LLEG" Group="LEG" TenderizeIds="1,3"/>
      <Part Name="MONSTER_PART_RLEG" Group="LEG" TenderizeIds="1,3"/>
      <Part Name="MONSTER_PART_TAIL" Group="TAIL"/>
    </Parts>
  </Monster>
  <Monster ID="em024_00" Capture="0"  GameID="16"> <!-- Kushala Daora -->
    <Weaknesses>
      <Weakness ID="ELEMENT_THUNDER" Stars="3"/>
      <Weakness ID="ELEMENT_DRAGON" Stars="2"/>
    </Weaknesses>
    <Crown Mini="0.9" Silver="1.15" Gold="1.23"/>
    <Parts Max="7">
      <Part Name="MONSTER_PART_REMOVABLE_TAIL" IsRemovable="True">
        <Break Threshold="1"/>
      </Part>
      <Part Name="MONSTER_PART_HEAD" Group="HEAD" TenderizeIds="0,3">
        <Break Threshold="1" HasConditions="True" MinFlinch="5" MinHealth="15"/>
      </Part>
      <Part Name="MONSTER_PART_BODY" Group="BODY"/>
      <Part Name="MONSTER_PART_TAIL" Group="TAIL" TenderizeIds="2,5"/>
      <Part Name="MONSTER_PART_LLIMBS" Group="LIMB"/>
      <Part Name="MONSTER_PART_RLIMBS" Group="LIMB"/>
      <Part Name="MONSTER_PART_WINGS" Group="WING" TenderizeIds="1,4">
        <Break Threshold="2"/>
      </Part>
    </Parts>
  </Monster>
  <Monster ID="em026_00" Capture="0"  GameID="17"> <!-- Lunastra -->
    <Weaknesses>
      <Weakness ID="ELEMENT_ICE" Stars="3"/>
      <Weakness ID="ELEMENT_DRAGON" Stars="2"/>
    </Weaknesses>
    <Crown Mini="0.9" Silver="1.15" Gold="1.23"/>
    <Parts Max="7">
      <Part Name="MONSTER_PART_REMOVABLE_TAIL" IsRemovable="True">
        <Break Threshold="1"/>
      </Part>
      <Part Name="MONSTER_PART_HEAD" Group="HEAD" TenderizeIds="0,4">
        <Break Threshold="1" HasConditions="True" MinFlinch="4" MinHealth="15"/>
      </Part>
      <Part Name="MONSTER_PART_BODY" Group="BODY"/>
      <Part Name="MONSTER_PART_LIMBS" Group="LIMB" TenderizeIds="1,5"/>
      <Part Name="MONSTER_PART_LWING" Group="WING" TenderizeIds="2">
        <Break Threshold="2"/>
      </Part>
      <Part Name="MONSTER_PART_RWING" Group="WING" TenderizeIds="6">
        <Break Threshold="2"/>
      </Part>
      <Part Name="MONSTER_PART_TAIL" Group="TAIL" TenderizeIds="3,7"/>
    </Parts>
  </Monster>
  <Monster ID="em027_00" Capture="0"  GameID="18"> <!-- Teostra -->
    <Weaknesses>
      <Weakness ID="ELEMENT_WATER" Stars="3"/>
      <Weakness ID="ELEMENT_ICE" Stars="3"/>
    </Weaknesses>
    <Crown Mini="0.9" Silver="1.15" Gold="1.23"/>
    <Parts Max="8">
      <Part Name="MONSTER_PART_REMOVABLE_TAIL" IsRemovable="True">
        <Break Threshold="1"/>
      </Part>
      <Part Name="MONSTER_PART_REMOVABLE_HORNS" IsRemovable="True"/>
      <Part Name="MONSTER_PART_HEAD" Group="HEAD" TenderizeIds="0,3">
        <Break Threshold="1" HasConditions="True" MinFlinch="1" MinHealth="20"/>
      </Part>
      <Part Name="MONSTER_PART_BODY" Group="BODY"/>
      <Part Name="MONSTER_PART_ARMS" Group="ARM"/>
      <Part Name="MONSTER_PART_LEGS" Group="LEG"/>
      <Part Name="MONSTER_PART_WINGS" Group="WING" TenderizeIds="1,4">
        <Break Threshold="1"/>
      </Part>
      <Part Name="MONSTER_PART_TAIL" Group="TAIL" TenderizeIds="2,5"/>
    </Parts>
  </Monster>
  <Monster ID="em032_00" Capture="20"  GameID="61"> <!-- Tigrex -->
    <Weaknesses>
      <Weakness ID="ELEMENT_THUNDER" Stars="3"/>
      <Weakness ID="ELEMENT_DRAGON" Stars="2"/>
    </Weaknesses>
    <Crown Mini="0.9" Silver="1.15" Gold="1.23"/>
    <Parts Max="8">
      <Part Name="MONSTER_PART_REMOVABLE_TAIL" IsRemovable="True">
        <Break Threshold="1"/>
      </Part>
      <Part Name="MONSTER_PART_HEAD" Group="HEAD" TenderizeIds="0,3">
        <Break Threshold="1"/>
      </Part>
      <Part Name="MONSTER_PART_BODY" Group="BODY"/>
      <Part Name="MONSTER_PART_LARM" Group="ARM" TenderizeIds="1,6">
        <Break Threshold="2"/>
      </Part>
      <Part Name="MONSTER_PART_RARM" Group="ARM" TenderizeIds="4,7">
        <Break Threshold="2"/>
      </Part>
      <Part Name="MONSTER_PART_LLEG" Group="LEG"/>
      <Part Name="MONSTER_PART_RLEG" Group="LEG"/>
      <Part Name="MONSTER_PART_TAIL" Group="TAIL" TenderizeIds="2,5"/>
    </Parts>
  </Monster>
  <Monster ID="em032_01" Capture="15"  GameID="93"> <!-- Brute Tigrex -->
    <Weaknesses>
      <Weakness ID="ELEMENT_WATER" Stars="3"/>
      <Weakness ID="ELEMENT_THUNDER" Stars="2"/>
    </Weaknesses>
    <Crown Mini="0.9" Silver="1.15" Gold="1.23"/>
    <Parts Max="8">
      <Part Name="MONSTER_PART_REMOVABLE_TAIL" IsRemovable="True">
        <Break Threshold="1"/>
      </Part>
      <Part Name="MONSTER_PART_HEAD" Group="HEAD" TenderizeIds="0,3">
        <Break Threshold="1"/>
      </Part>
      <Part Name="MONSTER_PART_BODY" Group="BODY"/>
      <Part Name="MONSTER_PART_LARM" Group="ARM" TenderizeIds="1,6">
        <Break Threshold="2"/>
      </Part>
      <Part Name="MONSTER_PART_RARM" Group="ARM" TenderizeIds="4,7">
        <Break Threshold="2"/>
      </Part>
      <Part Name="MONSTER_PART_LLEG" Group="LEG"/>
      <Part Name="MONSTER_PART_RLEG" Group="LEG"/>
      <Part Name="MONSTER_PART_TAIL" Group="TAIL" TenderizeIds="2,5"/>
    </Parts>
  </Monster>
  <Monster ID="em036_00" Capture="20"  GameID="19"> <!-- Lavasioth -->
    <Weaknesses>
      <Weakness ID="ELEMENT_WATER" Stars="3"/>
      <Weakness ID="ELEMENT_ICE" Stars="2"/>
    </Weaknesses>
    <Crown Mini="0.9" Silver="1.15" Gold="1.23"/>
    <Parts Max="6">
      <Part Name="MONSTER_PART_HEAD" Group="HEAD" TenderizeIds="0,3">
        <Break Threshold="6"/>
      </Part>
      <Part Name="MONSTER_PART_BODY" Group="BODY" TenderizeIds="1,4">
        <Break Threshold="2"/>
      </Part>
      <Part Name="MONSTER_PART_ABDOMEN" Group="ABDOMEN"/>
      <Part Name="MONSTER_PART_LLEG" Group="LEG">
        <Break Threshold="4"/>
      </Part>
      <Part Name="MONSTER_PART_RLEG" Group="LEG">
        <Break Threshold="4"/>
      </Part>
      <Part Name="MONSTER_PART_TAIL" Group="TAIL" TenderizeIds="2,5">
        <Break Threshold="4"/>
      </Part>
    </Parts>
  </Monster>
  <Monster ID="em037_00" Capture="20"  GameID="62"> <!-- Nargacuga -->
    <Weaknesses>
      <Weakness ID="ELEMENT_THUNDER" Stars="3"/>
      <Weakness ID="ELEMENT_FIRE" Stars="2"/>
    </Weaknesses>
    <Crown Mini="0.9" Silver="1.15" Gold="1.23"/>
    <Parts Max="8">
      <Part Name="MONSTER_PART_REMOVABLE_TAIL" IsRemovable="True">
        <Break Threshold="1"/>
      </Part>
      <Part Name="MONSTER_PART_HEAD" Group="HEAD" TenderizeIds="0,3">
        <Break Threshold="4"/>
      </Part>
      <Part Name="MONSTER_PART_BODY" Group="BODY"/>
      <Part Name="MONSTER_PART_LARM" Group="ARM" TenderizeIds="1,6">
        <Break Threshold="1"/>
      </Part>
      <Part Name="MONSTER_PART_RARM" Group="ARM" TenderizeIds="4,7">
        <Break Threshold="1"/>
      </Part>
      <Part Name="MONSTER_PART_LLEG" Group="LEG"/>
      <Part Name="MONSTER_PART_RLEG" Group="LEG"/>
      <Part Name="MONSTER_PART_TAIL" Group="TAIL" TenderizeIds="2,5"/>
    </Parts>
  </Monster>
  <Monster ID="em042_00" Capture="20" GameID="63"> <!-- Barioth -->
    <Weaknesses>
      <Weakness ID="ELEMENT_FIRE" Stars="3"/>
      <Weakness ID="ELEMENT_THUNDER" Stars="2"/>
    </Weaknesses>
    <Crown Mini="0.9" Silver="1.15" Gold="1.23"/>
    <Parts Max="8">
      <Part Name="MONSTER_PART_REMOVABLE_TAIL" IsRemovable="True">
        <Break Threshold="1"/>
      </Part>
      <Part Name="MONSTER_PART_HEAD" Group="HEAD" TenderizeIds="0,3">
        <Break Threshold="3"/>
      </Part>
      <Part Name="MONSTER_PART_BODY" Group="BODY"/>
      <Part Name="MONSTER_PART_LARM" Group="ARM" TenderizeIds="1,6">
        <Break Threshold="1"/>
      </Part>
      <Part Name="MONSTER_PART_RARM" Group="ARM" TenderizeIds="4,7">
        <Break Threshold="1"/>
      </Part>
      <Part Name="MONSTER_PART_LLEG" Group="LEG"/>
      <Part Name="MONSTER_PART_RLEG" Group="LEG"/>
      <Part Name="MONSTER_PART_TAIL" Group="TAIL" TenderizeIds="2,5"/>
    </Parts>
  </Monster>
  <Monster ID="em042_05" Capture="20" GameID="100"> <!-- Frostfang Barioth -->
    <Weaknesses>
      <Weakness ID="ELEMENT_FIRE" Stars="3"/>
      <Weakness ID="ELEMENT_THUNDER" Stars="2"/>
    </Weaknesses>
    <Crown Mini="0.9" Silver="1.15" Gold="1.23"/>
    <Parts Max="8">
      <Part Name="MONSTER_PART_REMOVABLE_TAIL" IsRemovable="True">
        <Break Threshold="1"/>
      </Part>
      <Part Name="MONSTER_PART_HEAD" Group="HEAD" TenderizeIds="0,3">
        <Break Threshold="1"/>
        <Break Threshold="2"/>
      </Part>
      <Part Name="MONSTER_PART_BODY" Group="BODY"/>
      <Part Name="MONSTER_PART_LARM" Group="ARM" TenderizeIds="1,6">
        <Break Threshold="2"/>
      </Part>
      <Part Name="MONSTER_PART_RARM" Group="ARM" TenderizeIds="4,7">
        <Break Threshold="2"/>
      </Part>
      <Part Name="MONSTER_PART_LLEG" Group="LEG"/>
      <Part Name="MONSTER_PART_RLEG" Group="LEG"/>
      <Part Name="MONSTER_PART_TAIL" Group="TAIL" TenderizeIds="2,5"/>
    </Parts>
  </Monster>
  <Monster ID="em043_00" Capture="20"  GameID="20"> <!-- Deviljho -->
    <Weaknesses>
      <Weakness ID="ELEMENT_DRAGON" Stars="3"/>
      <Weakness ID="ELEMENT_THUNDER" Stars="3"/>
    </Weaknesses>
    <Crown Mini="0.9" Silver="1.10" Gold="1.20"/>
    <Parts Max="10">
      <Part Name="MONSTER_PART_REMOVABLE_TAIL" IsRemovable="True">
        <Break Threshold="1"/>
      </Part>
      <Part Name="MONSTER_PART_BIG_FLINCH" IsRemovable="True"/>
      <Part Name="MONSTER_PART_HEAD" Group="HEAD" TenderizeIds="0,4">
        <Break Threshold="3"/>
      </Part>
      <Part Name="MONSTER_PART_BODY" Group="BODY" TenderizeIds="1,5"/>
      <Part Name="MONSTER_PART_CHEST" Group="CHEST">
        <Break Threshold="5"/>
      </Part>
      <Part Name="MONSTER_PART_REAR" Group="REAR"/>
      <Part Name="MONSTER_PART_ARMS" Group="ARM"/>
      <Part Name="MONSTER_PART_LLEG" Group="LEG" TenderizeIds="2"/>
      <Part Name="MONSTER_PART_RLEG" Group="LEG" TenderizeIds="6"/>
      <Part Name="MONSTER_PART_TAIL" Group="TAIL" TenderizeIds="3,7"/>
    </Parts>
  </Monster>
  <Monster ID="em043_05" Capture="10"  GameID="64"> <!-- Savage Deviljho -->
    <Weaknesses>
      <Weakness ID="ELEMENT_DRAGON" Stars="3"/>
      <Weakness ID="ELEMENT_THUNDER" Stars="3"/>
    </Weaknesses>
    <Crown Mini="0.99" Silver="1.14" Gold="1.20"/>
    <Parts Max="11">
      <Part Name="MONSTER_PART_REMOVABLE_TAIL" IsRemovable="True">
        <Break Threshold="1"/>
      </Part>
      <Part Name="MONSTER_PART_BIG_FLINCH" IsRemovable="True"/>
      <Part Name="MONSTER_PART_COUNTERATTACK" IsRemovable="True"/>
      <Part Name="MONSTER_PART_HEAD" Group="HEAD" TenderizeIds="0,4">
        <Break Threshold="2"/>
      </Part>
      <Part Name="MONSTER_PART_BODY" Group="BODY" TenderizeIds="1,5"/>
      <Part Name="MONSTER_PART_CHEST" Group="CHEST">
        <Break Threshold="2"/>
      </Part>
      <Part Name="MONSTER_PART_REAR" Group="REAR"/>
      <Part Name="MONSTER_PART_ARMS" Group="ARM"/>
      <Part Name="MONSTER_PART_LLEG" Group="LEG" TenderizeIds="2"/>
      <Part Name="MONSTER_PART_RLEG" Group="LEG" TenderizeIds="6"/>
      <Part Name="MONSTER_PART_TAIL" Group="TAIL" TenderizeIds="3,7"/>
    </Parts>
  </Monster>
  <Monster ID="em044_00" Capture="25"  GameID="21"> <!-- Barroth -->
    <Weaknesses>
      <Weakness ID="ELEMENT_WATER" Stars="3"/>
      <Weakness ID="ELEMENT_FIRE" Stars="3"/>
    </Weaknesses>
    <Crown Mini="0.9" Silver="1.15" Gold="1.23"/>
    <Parts Max="14">
      <Part Name="MONSTER_PART_REMOVABLE_HEAD" IsRemovable="True">
        <Break Threshold="1"/>
      </Part>
      <Part Name="MONSTER_PART_REMOVABLE_TAIL" IsRemovable="True">
        <Break Threshold="1"/>
      </Part>
      <Part Name="MONSTER_PART_HEAD" Group="HEAD" TenderizeIds="0,4"/>
      <Part Name="MONSTER_PART_HEAD_MUD" Group="HEAD" TenderizeIds="0,4">
        <Break Threshold="1"/>
      </Part>
      <Part Name="MONSTER_PART_BODY" Group="BODY" TenderizeIds="1,5"/>
      <Part Name="MONSTER_PART_BODY_MUD" Group="BODY" TenderizeIds="1,5">
        <Break Threshold="1"/>
      </Part>
      <Part Name="MONSTER_PART_ARMS" Group="ARM">
        <Break Threshold="1"/>
      </Part>
      <Part Name="MONSTER_PART_ARMS_MUD" Group="ARM">
        <Break Threshold="1"/>
      </Part>
      <Part Name="MONSTER_PART_LLEG" Group="LEG" TenderizeIds="2">
        <Break Threshold="1"/>
      </Part>
      <Part Name="MONSTER_PART_LLEG_MUD" Group="LEG" TenderizeIds="2">
        <Break Threshold="1"/>
      </Part>
      <Part Name="MONSTER_PART_RLEG" Group="LEG" TenderizeIds="6">
        <Break Threshold="1"/>
      </Part>
      <Part Name="MONSTER_PART_RLEG_MUD" Group="LEG" TenderizeIds="6">
        <Break Threshold="1"/>
      </Part>
      <Part Name="MONSTER_PART_TAIL" Group="TAIL" TenderizeIds="3,7"/>
      <Part Name="MONSTER_PART_TAIL_MUD" Group="TAIL" TenderizeIds="3,7">
        <Break Threshold="1"/>
      </Part>
    </Parts>
  </Monster>
  <Monster ID="em045_00" Capture="20"  GameID="22"> <!-- Uragaan -->
    <Weaknesses>
      <Weakness ID="ELEMENT_WATER" Stars="3"/>
      <Weakness ID="ELEMENT_DRAGON" Stars="2"/>
    </Weaknesses>
    <Crown Mini="0.9" Silver="1.10" Gold="1.20"/>
    <Parts Max="8">
      <Part Name="MONSTER_PART_REMOVABLE_TAIL" IsRemovable="True">
        <Break Threshold="1"/>
      </Part>
      <Part Name="MONSTER_PART_JAW" Group="JAW">
        <Break Threshold="1"/>
      </Part>
      <Part Name="MONSTER_PART_HEAD" Group="HEAD" TenderizeIds="0,4"/>
      <Part Name="MONSTER_PART_BODY" Group="BODY" TenderizeIds="1,5">
        <Break Threshold="1"/>
      </Part>
      <Part Name="MONSTER_PART_ARMS" Group="ARM"/>
      <Part Name="MONSTER_PART_LLEG" Group="LEG" TenderizeIds="2"/>
      <Part Name="MONSTER_PART_RLEG" Group="LEG" TenderizeIds="6"/>
      <Part Name="MONSTER_PART_TAIL" Group="TAIL" TenderizeIds="3,7">
        <Break Threshold="1"/>
      </Part>
    </Parts>
  </Monster>
  <Monster ID="em050_00" Capture="0" GameID="87"> <!-- Alatreon -->
    <Weaknesses>
      <Weakness ID="ELEMENT_ICE" Stars="3"/>
      <Weakness ID="ELEMENT_FIRE" Stars="3"/>
      <Weakness ID="ELEMENT_DRAGON" Stars="2"/>
    </Weaknesses>
    <Crown Mini="0.9" Silver="1.15" Gold="1.23"/>
    <Parts Max="8">
      <Part Name="MONSTER_PART_REMOVABLE_HORNS" IsRemovable="True">
        <Break Threshold="1"/>
        <Break Threshold="2"/>
      </Part>
      <Part Name="MONSTER_PART_REMOVABLE_TAIL" IsRemovable="True">
        <Break Threshold="1"/>
      </Part>
      <Part Name="MONSTER_PART_EXPLOSION_WEAKENING" IsRemovable="True" Index="3">
        <Break Threshold="3"/>
      </Part>
      <Part Name="MONSTER_PART_HEAD" Group="HEAD" TenderizeIds="0,5"/>
      <Part Name="MONSTER_PART_CHEST" Group="BODY"/>
      <Part Name="MONSTER_PART_WINGS" Group="WING" TenderizeIds="2,7">
        <Break Threshold="2"/>
      </Part>
      <Part Name="MONSTER_PART_ARMS" Group="ARM" TenderizeIds="1,6"/>
      <Part Name="MONSTER_PART_LEGS" Group="LEG" TenderizeIds="3,8"/>
      <Part Name="MONSTER_PART_TAIL" Group="TAIL" TenderizeIds="4,9"/>
    </Parts>
  </Monster>
  <Monster ID="em057_00" Capture="20"  GameID="94"> <!-- Zinogre -->
    <Weaknesses>
      <Weakness ID="ELEMENT_ICE" Stars="3"/>
      <Weakness ID="ELEMENT_WATER" Stars="2"/>
    </Weaknesses>
    <Crown Mini="0.9" Silver="1.15" Gold="1.23"/>
    <Parts Max="8">
      <Part Name="MONSTER_PART_CHARGE" IsRemovable="True" Index="1"/>
      <Part Name="MONSTER_PART_REMOVABLE_TAIL" IsRemovable="True" Index="0">
        <Break Threshold="1"/>
      </Part>
      <Part Name="MONSTER_PART_HEAD" Group="HEAD" TenderizeIds="0,4">
        <Break Threshold="2"/>
        <Break Threshold="4"/>
      </Part>
      <Part Name="MONSTER_PART_BODY" Group="BODY" TenderizeIds="2,6"/>
      <Part Name="MONSTER_PART_BACK" Group="BACK">
        <Break Threshold="1"/>
      </Part>
      <Part Name="MONSTER_PART_ARMS" Group="ARM" TenderizeIds="1,5">
        <Break Threshold="2"/>
      </Part>
      <Part Name="MONSTER_PART_LEGS" Group="LEG"/>
      <Part Name="MONSTER_PART_TAIL" Group="TAIL" TenderizeIds="3,7"/>
    </Parts>
  </Monster>
  <Monster ID="em057_01" Capture="20"  GameID="95"> <!-- Stygian Zinogre -->
    <Weaknesses>
      <Weakness ID="ELEMENT_THUNDER" Stars="3"/>
      <Weakness ID="ELEMENT_FIRE" Stars="2"/>
    </Weaknesses>
    <Crown Mini="0.9" Silver="1.15" Gold="1.23"/>
    <Parts Max="8">
      <Part Name="MONSTER_PART_CHARGE" IsRemovable="True" Index="1"/>
      <Part Name="MONSTER_PART_REMOVABLE_TAIL" IsRemovable="True" Index="0">
        <Break Threshold="1"/>
      </Part>
      <Part Name="MONSTER_PART_HEAD" Group="HEAD" TenderizeIds="0,4">
        <Break Threshold="2"/>
        <Break Threshold="4"/>
      </Part>
      <Part Name="MONSTER_PART_BODY" Group="BODY" TenderizeIds="2,6"/>
      <Part Name="MONSTER_PART_BACK" Group="BACK">
        <Break Threshold="1"/>
      </Part>
      <Part Name="MONSTER_PART_ARMS" Group="ARM" TenderizeIds="1,5">
        <Break Threshold="3"/>
      </Part>
      <Part Name="MONSTER_PART_LEGS" Group="LEG"/>
      <Part Name="MONSTER_PART_TAIL" Group="TAIL" TenderizeIds="3,7"/>
    </Parts>
  </Monster>
  <Monster ID="em063_00" Capture="20"  GameID="65"> <!-- Brachydios -->
    <Weaknesses>
      <Weakness ID="ELEMENT_ICE" Stars="3"/>
      <Weakness ID="ELEMENT_WATER" Stars="2"/>
    </Weaknesses>
    <Crown Mini="0.9" Silver="1.15" Gold="1.23"/>
    <Parts Max="8">
      <Part Name="MONSTER_PART_REMOVABLE_TAIL" IsRemovable="True">
        <Break Threshold="1"/>
      </Part>
      <Part Name="MONSTER_PART_HEAD" Group="HEAD" TenderizeIds="0,3">
        <Break Threshold="4"/>
      </Part>
      <Part Name="MONSTER_PART_BODY" Group="BODY"/>
      <Part Name="MONSTER_PART_LARM" Group="ARM" TenderizeIds="1">
        <Break Threshold="2"/>
      </Part>
      <Part Name="MONSTER_PART_RARM" Group="ARM" TenderizeIds="4">
        <Break Threshold="2"/>
      </Part>
      <Part Name="MONSTER_PART_LLEG" Group="LEG"/>
      <Part Name="MONSTER_PART_RLEG" Group="LEG"/>
      <Part Name="MONSTER_PART_TAIL" Group="TAIL" TenderizeIds="2,5"/>
    </Parts>
  </Monster>
  <Monster ID="em063_05" Capture="0"  GameID="96"> <!-- Raging Brachydios -->
    <Weaknesses>
      <Weakness ID="ELEMENT_ICE" Stars="3"/>
      <Weakness ID="ELEMENT_WATER" Stars="2"/>
    </Weaknesses>
    <Crown Mini="0.9" Silver="1.15" Gold="1.23"/>
    <Parts Max="10">
      <Part Name="MONSTER_PART_REMOVABLE_TAIL" IsRemovable="True">
        <Break Threshold="1"/>
      </Part>
      <Part Name="MONSTER_PART_HEAD" Group="HEAD" TenderizeIds="0,4">
        <Break Threshold="2"/>
      </Part>
      <Part Name="MONSTER_PART_BODY" Group="BODY"/>
      <Part Name="MONSTER_PART_BACK" Group="BACK"/>
      <Part Name="MONSTER_PART_LARM" Group="ARM" TenderizeIds="1">
        <Break Threshold="2"/>
      </Part>
      <Part Name="MONSTER_PART_RARM" Group="ARM" TenderizeIds="5">
        <Break Threshold="2"/>
      </Part>
      <Part Name="MONSTER_PART_LLEG" Group="LEG" TenderizeIds="2"/>
      <Part Name="MONSTER_PART_RLEG" Group="LEG" TenderizeIds="6"/>
      <Part Name="MONSTER_PART_TAIL" Group="TAIL" TenderizeIds="3,7"/>
      <Part Name="MONSTER_PART_TAIL_TIP" Group="TAIL"/>
    </Parts>
  </Monster>
  <Monster ID="em080_00" Capture="20"  GameID="66"> <!-- Glavenus -->
    <Weaknesses>
      <Weakness ID="ELEMENT_WATER" Stars="3"/>
      <Weakness ID="ELEMENT_ICE" Stars="2"/>
    </Weaknesses>
    <Crown Mini="0.9" Silver="1.10" Gold="1.20"/>
    <Parts Max="9">
      <Part Name="MONSTER_PART_THROAT" IsRemovable="True" Index="1"/>
      <Part Name="MONSTER_PART_REMOVABLE_TAIL" IsRemovable="True" Index="0">
        <Break Threshold="1"/>
      </Part>
      <Part Name="MONSTER_PART_HEAD" Group="HEAD" TenderizeIds="0,4">
        <Break Threshold="1"/>
        <Break Threshold="2"/>
      </Part>
      <Part Name="MONSTER_PART_FIN" Group="FIN">
        <Break Threshold="1"/>
      </Part>
      <Part Name="MONSTER_PART_BODY" Group="BODY" TenderizeIds="1,5"/>
      <Part Name="MONSTER_PART_ARMS" Group="ARM">
        <Break Threshold="1"/>
      </Part>
      <Part Name="MONSTER_PART_LLEG" Group="LEG" TenderizeIds="2"/>
      <Part Name="MONSTER_PART_RLEG" Group="LEG" TenderizeIds="6"/>
      <Part Name="MONSTER_PART_TAIL" Group="TAIL" TenderizeIds="3,7">
        <Break Threshold="1"/>
      </Part>
    </Parts>
  </Monster>
  <Monster ID="em080_01" Capture="20"  GameID="67"> <!-- Acidic Glavenus -->
    <Weaknesses>
      <Weakness ID="ELEMENT_FIRE" Stars="3"/>
      <Weakness ID="ELEMENT_THUNDER" Stars="2"/>
    </Weaknesses>
    <Crown Mini="0.9" Silver="1.10" Gold="1.20"/>
    <Parts Max="10">
      <Part Name="MONSTER_PART_THROAT" IsRemovable="True" Index="1"/>
      <Part Name="MONSTER_PART_REMOVABLE_TAIL" IsRemovable="True" Index="0">
        <Break Threshold="1"/>
      </Part>
      <Part Name="MONSTER_PART_UNKNOWN" IsRemovable="True" Index="2"/>
      <Part Name="MONSTER_PART_HEAD" Group="HEAD" TenderizeIds="0,4">
        <Break Threshold="1"/>
        <Break Threshold="2"/>
      </Part>
      <Part Name="MONSTER_PART_FIN" Group="FIN">
        <Break Threshold="1"/>
      </Part>
      <Part Name="MONSTER_PART_BODY" Group="BODY" TenderizeIds="1,5"/>
      <Part Name="MONSTER_PART_ARMS" Group="ARM">
        <Break Threshold="1"/>
      </Part>
      <Part Name="MONSTER_PART_LLEG" Group="LEG" TenderizeIds="2"/>
      <Part Name="MONSTER_PART_RLEG" Group="LEG" TenderizeIds="6"/>
      <Part Name="MONSTER_PART_TAIL" Group="TAIL" TenderizeIds="3,7">
        <Break Threshold="1"/>
      </Part>
    </Parts>
  </Monster>
  <Monster ID="em100_00" Capture="25"  GameID="0"> <!-- Anjanath -->
    <Weaknesses>
      <Weakness ID="ELEMENT_WATER" Stars="3"/>
      <Weakness ID="ELEMENT_ICE" Stars="2"/>
    </Weaknesses>
    <Crown Mini="0.9" Silver="1.10" Gold="1.20"/>
    <Parts Max="7">
      <Part Name="MONSTER_PART_THROAT" IsRemovable="True" Index="1"/>
      <Part Name="MONSTER_PART_REMOVABLE_TAIL" IsRemovable="True" Index="0">
        <Break Threshold="1"/>
      </Part>
      <Part Name="MONSTER_PART_HEAD" Group="HEAD" TenderizeIds="0,4">
        <Break Threshold="5"/>
      </Part>
      <Part Name="MONSTER_PART_BODY" Group="BODY" TenderizeIds="1,5"/>
      <Part Name="MONSTER_PART_LLEG" Group="LEG" TenderizeIds="2">
        <Break Threshold="3"/>
      </Part>
      <Part Name="MONSTER_PART_RLEG" Group="LEG" TenderizeIds="6">
        <Break Threshold="3"/>
      </Part>
      <Part Name="MONSTER_PART_TAIL" Group="TAIL" TenderizeIds="3,7"/>
    </Parts>
  </Monster>
  <Monster ID="em100_01" Capture="15"  GameID="68"> <!-- Fulgur Anjanath -->
    <Weaknesses>
      <Weakness ID="ELEMENT_ICE" Stars="3"/>
      <Weakness ID="ELEMENT_WATER" Stars="2"/>
    </Weaknesses>
    <Crown Mini="0.9" Silver="1.10" Gold="1.20"/>
    <Parts Max="7">
      <Part Name="MONSTER_PART_THROAT" IsRemovable="True" Index="1"/>
      <Part Name="MONSTER_PART_REMOVABLE_TAIL" IsRemovable="True" Index="0">
        <Break Threshold="1"/>
      </Part>
      <Part Name="MONSTER_PART_HEAD" Group="HEAD" TenderizeIds="0,4">
        <Break Threshold="5"/>
      </Part>
      <Part Name="MONSTER_PART_BODY" Group="BODY" TenderizeIds="1,5"/>
      <Part Name="MONSTER_PART_LLEG" Group="LEG" TenderizeIds="2">
        <Break Threshold="3"/>
      </Part>
      <Part Name="MONSTER_PART_RLEG" Group="LEG" TenderizeIds="6">
        <Break Threshold="3"/>
      </Part>
      <Part Name="MONSTER_PART_TAIL" Group="TAIL" TenderizeIds="3,7"/>
    </Parts>
  </Monster>
  <Monster ID="em101_00" Capture="30"  GameID="7"> <!-- Great Jagras -->
    <Weaknesses>
      <Weakness ID="ELEMENT_FIRE" Stars="3"/>
      <Weakness ID="ELEMENT_THUNDER" Stars="2"/>
    </Weaknesses>
    <Crown Mini="0.9" Silver="1.15" Gold="1.23"/>
    <Parts Max="6">
      <Part Name="MONSTER_PART_HEAD" Group="HEAD" TenderizeIds="0,3">
        <Break Threshold="2"/>
      </Part>
      <Part Name="MONSTER_PART_BODY" Group="BODY" TenderizeIds="2,5"/>
      <Part Name="MONSTER_PART_ARMS" Group="ARM" TenderizeIds="1,4">
        <Break Threshold="1"/>
      </Part>
      <Part Name="MONSTER_PART_LEGS" Group="LEG"/>
      <Part Name="MONSTER_PART_TAIL" Group="TAIL"/>
      <Part Name="MONSTER_PART_ABDOMEN" Group="ABDOMEN">
        <Break Threshold="3"/>
      </Part>
    </Parts>
  </Monster>
  <Monster ID="em102_00" Capture="25"  GameID="24"> <!-- Pukei-Pukei -->
    <Weaknesses>
      <Weakness ID="ELEMENT_THUNDER" Stars="3"/>
      <Weakness ID="ELEMENT_ICE" Stars="2"/>
    </Weaknesses>
    <Crown Mini="0.9" Silver="1.10" Gold="1.20"/>
    <Parts Max="9">
      <Part Name="MONSTER_PART_REMOVABLE_HEAD" IsRemovable="True"/> <!-- Full mouth -->
      <Part Name="MONSTER_PART_REMOVABLE_TAIL" IsRemovable="True">
        <Break Threshold="1"/>
      </Part>
      <Part Name="MONSTER_PART_HEAD" Group="HEAD" TenderizeIds="0,4">
        <Break Threshold="2"/>
      </Part>
      <Part Name="MONSTER_PART_BODY" Group="BODY">
        <Break Threshold="1"/>
      </Part>
      <Part Name="MONSTER_PART_LWING" Group="WING" TenderizeIds="1">
        <Break Threshold="1"/>
      </Part>
      <Part Name="MONSTER_PART_RWING" Group="WING" TenderizeIds="5">
        <Break Threshold="1"/>
      </Part>
      <Part Name="MONSTER_PART_LLEG" Group="LEG" TenderizeIds="2"/>
      <Part Name="MONSTER_PART_RLEG" Group="LEG" TenderizeIds="6"/>
      <Part Name="MONSTER_PART_TAIL" Group="TAIL" TenderizeIds="3,7"/>
    </Parts>
  </Monster>
  <Monster ID="em102_01" Capture="25"  GameID="69"> <!-- Coral Pukei-Pukei -->
    <Weaknesses>
      <Weakness ID="ELEMENT_ICE" Stars="3"/>
      <Weakness ID="ELEMENT_THUNDER" Stars="2"/>
    </Weaknesses>
    <Crown Mini="0.9" Silver="1.10" Gold="1.20"/>
    <Parts Max="10">
      <Part Name="MONSTER_PART_REMOVABLE_HEAD" IsRemovable="True" Index="2"/> <!-- Full mouth -->
      <Part Name="MONSTER_PART_REMOVABLE_TAIL" IsRemovable="True" Index="0">
        <Break Threshold="1"/>
      </Part>
      <Part Name="MONSTER_PART_INFLATED_TAIL" IsRemovable="True" Index="1"/>
      <Part Name="MONSTER_PART_HEAD" Group="HEAD" TenderizeIds="0,4">
        <Break Threshold="2"/>
      </Part>
      <Part Name="MONSTER_PART_BODY" Group="BODY">
        <Break Threshold="1"/>
      </Part>
      <Part Name="MONSTER_PART_LWING" Group="WING" TenderizeIds="1">
        <Break Threshold="1"/>
      </Part>
      <Part Name="MONSTER_PART_RWING" Group="WING" TenderizeIds="5">
        <Break Threshold="1"/>
      </Part>
      <Part Name="MONSTER_PART_LLEG" Group="LEG" TenderizeIds="2"/>
      <Part Name="MONSTER_PART_RLEG" Group="LEG" TenderizeIds="6"/>
      <Part Name="MONSTER_PART_TAIL" Group="TAIL" TenderizeIds="3,7"/>
    </Parts>
  </Monster>
  <Monster ID="em103_00" Capture="0"  GameID="25"> <!-- Nergigante -->
    <Weaknesses>
      <Weakness ID="ELEMENT_THUNDER" Stars="3"/>
      <Weakness ID="ELEMENT_DRAGON" Stars="2"/>
    </Weaknesses>
    <Crown Mini="0.9" Silver="1.15" Gold="1.23"/>
    <Parts Max="13">
      <Part Name="MONSTER_PART_REMOVABLE_HORNS" IsRemovable="True">
        <Break Threshold="2"/>
        <Break Threshold="3"/>
      </Part>
      <Part Name="MONSTER_PART_REMOVABLE_TAIL" IsRemovable="True">
        <Break Threshold="1"/>
      </Part>
      <Part Name="MONSTER_PART_UNKNOWN" IsRemovable="True" Skip="True"/>
      <Part Name="MONSTER_PART_HORNS" Group="HORN"/>
      <Part Name="MONSTER_PART_HEAD" Group="HEAD" TenderizeIds="0,4"/>
      <Part Name="MONSTER_PART_BODY" Group="BODY"/>
      <Part Name="MONSTER_PART_LARM" Group="ARM" TenderizeIds="1"/>
      <Part Name="MONSTER_PART_RARM" Group="ARM" TenderizeIds="5"/>
      <Part Name="MONSTER_PART_LLEG" Group="LEG"/>
      <Part Name="MONSTER_PART_RLEG" Group="LEG"/>
      <Part Name="MONSTER_PART_LWING" Group="WING" TenderizeIds="2,8"/>
      <Part Name="MONSTER_PART_RWING" Group="WING" TenderizeIds="6,9"/>
      <Part Name="MONSTER_PART_TAIL" Group="TAIL" TenderizeIds="3,7"/>
    </Parts>
  </Monster>
  <Monster ID="em103_05" Capture="0"  GameID="70"> <!-- Ruiner Nergigante -->
    <Weaknesses>
      <Weakness ID="ELEMENT_DRAGON" Stars="3"/>
      <Weakness ID="ELEMENT_THUNDER" Stars="2"/>
    </Weaknesses>
    <Crown Mini="0.9" Silver="1.15" Gold="1.23"/>
    <Parts Max="18">
      <Part Name="MONSTER_PART_REMOVABLE_HORNS" IsRemovable="True">
        <Break Threshold="2"/>
        <Break Threshold="4"/>
      </Part>
      <Part Name="MONSTER_PART_REMOVABLE_TAIL" IsRemovable="True">
        <Break Threshold="1"/>
      </Part>
      <Part Name="MONSTER_PART_UNKNOWN" IsRemovable="True" Skip="True"/>
      <Part Name="MONSTER_PART_SILVER_SPIKES_HEAD" IsRemovable="True">
        <Break Threshold="1"/>
      </Part>
      <Part Name="MONSTER_PART_SILVER_SPIKES_LARM" IsRemovable="True">
        <Break Threshold="1"/>
      </Part>
      <Part Name="MONSTER_PART_SILVER_SPIKES_RARM" IsRemovable="True">
        <Break Threshold="1"/>
      </Part>
      <Part Name="MONSTER_PART_SILVER_SPIKES_LWING" IsRemovable="True">
        <Break Threshold="1"/>
      </Part>
      <Part Name="MONSTER_PART_SILVER_SPIKES_RWING" IsRemovable="True">
        <Break Threshold="1"/>
      </Part>
      <Part Name="MONSTER_PART_HORNS" Group="HORN"/>
      <Part Name="MONSTER_PART_HEAD" Group="HEAD" TenderizeIds="0,4"/>
      <Part Name="MONSTER_PART_BODY" Group="BODY"/>
      <Part Name="MONSTER_PART_LARM" Group="ARM" TenderizeIds="1"/>
      <Part Name="MONSTER_PART_RARM" Group="ARM" TenderizeIds="5"/>
      <Part Name="MONSTER_PART_LLEG" Group="LEG"/>
      <Part Name="MONSTER_PART_RLEG" Group="LEG"/>
      <Part Name="MONSTER_PART_LWING" Group="WING" TenderizeIds="2,8"/>
      <Part Name="MONSTER_PART_RWING" Group="WING" TenderizeIds="6,9"/>
      <Part Name="MONSTER_PART_TAIL" Group="TAIL" TenderizeIds="3,7"/>
    </Parts>
  </Monster>
  <Monster ID="em104_00" Capture="0"  GameID="97"> <!-- Safi'jiiva -->
    <Weaknesses>
      <Weakness ID="ELEMENT_DRAGON" Stars="3"/>
      <Weakness ID="ELEMENT_THUNDER" Stars="2"/>
    </Weaknesses>
    <Crown Mini="0.9" Silver="1.15" Gold="1.23"/>
    <Parts Max="13">
      <Part Name="MONSTER_PART_REMOVABLE_TAIL" IsRemovable="True">
        <Break Threshold="1"/>
      </Part>
      <Part Name="MONSTER_PART_HEAD" Group="HEAD" TenderizeIds="0,4,8,9">
        <Break Threshold="5"/>
        <Break Threshold="10"/>
      </Part>
      <Part Name="MONSTER_PART_BODY" Group="BODY"/>
      <Part Name="MONSTER_PART_ABDOMEN" Group="ABDOMEN"/>
      <Part Name="MONSTER_PART_BACK" Group="BACK">
        <Break Threshold="1"/>
      </Part>
      <Part Name="MONSTER_PART_CHEST" Group="CHEST">
        <Break Threshold="1"/>
      </Part>
      <Part Name="MONSTER_PART_LARM" Group="ARM" TenderizeIds="1,10">
        <Break Threshold="7"/>
      </Part>
      <Part Name="MONSTER_PART_RARM" Group="ARM" TenderizeIds="5">
        <Break Threshold="7"/>
      </Part>
      <Part Name="MONSTER_PART_LLEG" Group="LEG" TenderizeIds="2,12">
        <Break Threshold="5"/>
      </Part>
      <Part Name="MONSTER_PART_RLEG" Group="LEG" TenderizeIds="6">
        <Break Threshold="5"/>
      </Part>
      <Part Name="MONSTER_PART_LWING" Group="WING">
        <Break Threshold="3"/>
      </Part>
      <Part Name="MONSTER_PART_RWING" Group="WING">
        <Break Threshold="3"/>
      </Part>
      <Part Name="MONSTER_PART_TAIL" Group="TAIL" TenderizeIds="3,7"/>
    </Parts>
  </Monster>
  <Monster ID="em105_00" Capture="0"  GameID="26"> <!-- Xeno'jiiva -->
    <Weaknesses>
      <Weakness ID="ELEMENT_FIRE" Stars="2"/>
      <Weakness ID="ELEMENT_DRAGON" Stars="2"/>
    </Weaknesses>
    <Crown Mini="0.9" Silver="1.15" Gold="1.23"/>
    <Parts Max="12">
      <Part Name="MONSTER_PART_REMOVABLE_TAIL" IsRemovable="True">
        <Break Threshold="1"/>
      </Part>
      <Part Name="MONSTER_PART_UNKNOWN" IsRemovable="True"/>
      <Part Name="MONSTER_PART_HEAD" Group="HEAD" TenderizeIds="0,4">
        <Break Threshold="2"/>
      </Part>
      <Part Name="MONSTER_PART_NECK" Group="NECK" />
      <Part Name="MONSTER_PART_BACK" Group="BACK"/>
      <Part Name="MONSTER_PART_CHEST" Group="CHEST"/>
      <Part Name="MONSTER_PART_LARM" Group="ARM" TenderizeIds="1">
        <Break Threshold="2"/>
      </Part>
      <Part Name="MONSTER_PART_RARM" Group="ARM" TenderizeIds="5">
        <Break Threshold="2"/>
      </Part>
      <Part Name="MONSTER_PART_LLEG" Group="LEG"/>
      <Part Name="MONSTER_PART_RLEG" Group="LEG"/>
      <Part Name="MONSTER_PART_WINGS" Group="WING" TenderizeIds="2,6,8,9">
        <Break Threshold="2"/>
      </Part>
      <Part Name="MONSTER_PART_TAIL" Group="TAIL" TenderizeIds="3,7"/>
    </Parts>
  </Monster>
  <Monster ID="em106_00" Capture="0"  GameID="4"> <!-- Zorah Magdaros -->
    <Weaknesses>
      <Weakness ID="ELEMENT_DRAGON" Stars="3"/>
      <Weakness ID="ELEMENT_WATER" Stars="3"/>
    </Weaknesses>
    <Crown Mini="0.9" Silver="1.15" Gold="1.23"/>
    <Parts Max="16">
      <Part Name="MONSTER_PART_REPEL" IsRemovable="True"/>
      <Part Name="MONSTER_PART_HEAD" Group="HEAD">
        <Break Threshold="1"/>
      </Part>
      <Part Name="MONSTER_PART_BODY" Group="BODY"/>
      <Part Name="MONSTER_PART_CHEST" Group="CHEST">
        <Break Threshold="1"/>
      </Part>
      <Part Name="MONSTER_PART_LARM" Group="ARM"/>
      <Part Name="MONSTER_PART_RARM" Group="ARM"/>
      <Part Name="MONSTER_PART_LLEG" Group="LEG"/>
      <Part Name="MONSTER_PART_RLEG" Group="LEG"/>
      <Part Name="MONSTER_PART_TAIL" Group="TAIL"/>
      <Part Name="MONSTER_PART_SHELL" Group="SHELL"/>
      <Part Name="MONSTER_PART_EXHAUST_ORGAN_CENTRAL" Group="ORGAN">
        <Break Threshold="1"/>
      </Part>
      <Part Name="MONSTER_PART_EXHAUST_ORGAN_HEAD" Group="ORGAN">
        <Break Threshold="1"/>
      </Part>
      <Part Name="MONSTER_PART_EXHAUST_ORGAN_CRATER" Group="ORGAN">
        <Break Threshold="1"/>
      </Part>
      <Part Name="MONSTER_PART_EXHAUST_ORGAN_REAR" Group="ORGAN">
        <Break Threshold="1"/>
      </Part>
      <Part Name="MONSTER_PART_WEAK_LSHELL" Group="SHELL">
        <Break Threshold="1"/>
      </Part>
      <Part Name="MONSTER_PART_WEAK_RSHELL" Group="SHELL">
        <Break Threshold="1"/>
      </Part>
    </Parts>
  </Monster>
  <Monster ID="em107_00" Capture="30"  GameID="27"> <!-- Kulu-Ya-Ku -->
    <Weaknesses>
      <Weakness ID="ELEMENT_WATER" Stars="3"/>
      <Weakness ID="ELEMENT_FIRE" Stars="2"/>
    </Weaknesses>
    <Crown Mini="0.9" Silver="1.15" Gold="1.23"/>
    <Parts Max="5">
      <Part Name="MONSTER_PART_HEAD" Group="HEAD" TenderizeIds="0,3">
        <Break Threshold="1"/>
      </Part>
      <Part Name="MONSTER_PART_ARMS" Group="ARM" TenderizeIds="1,4">
        <Break Threshold="1"/>
      </Part>
      <Part Name="MONSTER_PART_LEGS" Group="LEG"/>
      <Part Name="MONSTER_PART_TAIL" Group="TAIL" TenderizeIds="2,5"/>
      <Part Name="MONSTER_PART_ROCK" Group="MISC"/>
    </Parts>
  </Monster>
  <Monster ID="em108_00" Capture="25"  GameID="29"> <!-- Jyuratodus -->
    <Weaknesses>
      <Weakness ID="ELEMENT_THUNDER" Stars="3"/>
      <Weakness ID="ELEMENT_WATER" Stars="0"/>
    </Weaknesses>
    <Crown Mini="0.9" Silver="1.15" Gold="1.23"/>
    <Parts Max="10">
      <Part Name="MONSTER_PART_HEAD" Group="HEAD" TenderizeIds="0,3">
        <Break Threshold="4"/>
      </Part>
      <Part Name="MONSTER_PART_BODY" Group="BODY" TenderizeIds="1,4">
        <Break Threshold="1"/>
      </Part>
      <Part Name="MONSTER_PART_LLEG" Group="LEG">
        <Break Threshold="2"/>
      </Part>
      <Part Name="MONSTER_PART_RLEG" Group="LEG">
        <Break Threshold="2"/>
      </Part>
      <Part Name="MONSTER_PART_TAIL" Group="TAIL" TenderizeIds="2,5">
        <Break Threshold="3"/>
      </Part>
      <Part Name="MONSTER_PART_HEAD_MUD" Group="HEAD" TenderizeIds="0,3">
        <Break Threshold="1"/>
      </Part>
      <Part Name="MONSTER_PART_BODY_MUD" Group="BODY" TenderizeIds="1,4">
        <Break Threshold="3"/>
      </Part>
      <Part Name="MONSTER_PART_LLEG_MUD" Group="LEG">
        <Break Threshold="2"/>
      </Part>
      <Part Name="MONSTER_PART_RLEG_MUD" Group="LEG">
        <Break Threshold="2"/>
      </Part>
      <Part Name="MONSTER_PART_TAIL_MUD" Group="TAIL" TenderizeIds="2,5">
        <Break Threshold="1"/>
      </Part>
    </Parts>
  </Monster>
  <Monster ID="em109_00" Capture="25"  GameID="30"> <!-- Tobi-Kadachi -->
    <Weaknesses>
      <Weakness ID="ELEMENT_WATER" Stars="3"/>
      <Weakness ID="ELEMENT_FIRE" Stars="2"/>
    </Weaknesses>
    <Crown Mini="0.9" Silver="1.10" Gold="1.20"/>
    <Parts Max="6">
      <Part Name="MONSTER_PART_HEAD" Group="HEAD" TenderizeIds="0,4">
        <Break Threshold="2"/>
      </Part>
      <Part Name="MONSTER_PART_BODY" Group="BODY" TenderizeIds="2,6"/>
      <Part Name="MONSTER_PART_MANE" Group="MANE">
        <Break Threshold="1"/>
      </Part>
      <Part Name="MONSTER_PART_ARMS" Group="ARM" TenderizeIds="1,5">
        <Break Threshold="1"/>
      </Part>
      <Part Name="MONSTER_PART_LEGS" Group="LEG"/>
      <Part Name="MONSTER_PART_TAIL" Group="TAIL" TenderizeIds="3,7">
        <Break Threshold="4"/>
      </Part>
    </Parts>
  </Monster>
  <Monster ID="em109_01" Capture="25" GameID="71"> <!-- Viper Tobi-Kadachi -->
    <Weaknesses>
      <Weakness ID="ELEMENT_THUNDER" Stars="3"/>
      <Weakness ID="ELEMENT_ICE" Stars="2"/>
    </Weaknesses>
    <Crown Mini="0.9" Silver="1.10" Gold="1.20"/>
    <Parts Max="6">
      <Part Name="MONSTER_PART_HEAD" Group="HEAD" TenderizeIds="0,4">
        <Break Threshold="2"/>
      </Part>
      <Part Name="MONSTER_PART_BODY" Group="BODY" TenderizeIds="2,6"/>
      <Part Name="MONSTER_PART_MANE" Group="MANE">
        <Break Threshold="1"/>
      </Part>
      <Part Name="MONSTER_PART_ARMS" Group="ARM" TenderizeIds="1,5">
        <Break Threshold="1"/>
      </Part>
      <Part Name="MONSTER_PART_LEGS" Group="LEG"/>
      <Part Name="MONSTER_PART_TAIL" Group="TAIL" TenderizeIds="3,7">
	    <Break Threshold="1"/>
	  </Part>
    </Parts>
  </Monster>
  <Monster ID="em110_00" Capture="25" GameID="31"> <!-- Paolumu -->
    <Weaknesses>
      <Weakness ID="ELEMENT_FIRE" Stars="3"/>
      <Weakness ID="ELEMENT_THUNDER" Stars="2"/>
    </Weaknesses>
    <Crown Mini="0.9" Silver="1.15" Gold="1.23"/>
    <Parts Max="9">
      <Part Name="MONSTER_PART_REMOVABLE_BALLOON" IsRemovable="True">
        <Break Threshold="1"/>
      </Part>
      <Part Name="MONSTER_PART_HEAD" Group="HEAD" TenderizeIds="0,4"/>
      <Part Name="MONSTER_PART_BALLOON" Group="HEAD"/>
      <Part Name="MONSTER_PART_BODY" Group="BODY">
        <Break Threshold="1"/>
      </Part>
      <Part Name="MONSTER_PART_LLEG" Group="LEG"/>
      <Part Name="MONSTER_PART_RLEG" Group="LEG"/>
      <Part Name="MONSTER_PART_LWING" Group="WING" TenderizeIds="1,2">
        <Break Threshold="1"/>
      </Part>
      <Part Name="MONSTER_PART_RWING" Group="WING" TenderizeIds="5,6">
        <Break Threshold="1"/>
      </Part>
      <Part Name="MONSTER_PART_TAIL" Group="TAIL" TenderizeIds="3,7">
        <Break Threshold="1"/>
      </Part>
    </Parts>
  </Monster>
  <Monster ID="em110_01" Capture="25" GameID="72"> <!-- Nightshade Paolumu -->
    <Weaknesses>
      <Weakness ID="ELEMENT_WATER" Stars="3"/>
      <Weakness ID="ELEMENT_FIRE" Stars="2"/>
    </Weaknesses>
    <Crown Mini="0.9" Silver="1.15" Gold="1.23"/>
    <Parts Max="9">
      <Part Name="MONSTER_PART_REMOVABLE_BALLOON" IsRemovable="True">
        <Break Threshold="1"/>
      </Part>
      <Part Name="MONSTER_PART_HEAD" Group="HEAD" TenderizeIds="0,4"/>
      <Part Name="MONSTER_PART_BALLOON" Group="HEAD"/>
      <Part Name="MONSTER_PART_BODY" Group="BODY">
        <Break Threshold="1"/>
      </Part>
      <Part Name="MONSTER_PART_LLEG" Group="LEG"/>
      <Part Name="MONSTER_PART_RLEG" Group="LEG"/>
      <Part Name="MONSTER_PART_LWING" Group="WING" TenderizeIds="1,2">
        <Break Threshold="1"/>
      </Part>
      <Part Name="MONSTER_PART_RWING" Group="WING" TenderizeIds="5,6">
        <Break Threshold="1"/>
      </Part>
      <Part Name="MONSTER_PART_TAIL" Group="TAIL" TenderizeIds="3,7">
        <Break Threshold="1"/>
      </Part>
    </Parts>
  </Monster>
  <Monster ID="em111_00" Capture="20" GameID="32"> <!-- Legiana -->
    <Weaknesses>
      <Weakness ID="ELEMENT_THUNDER" Stars="3"/>
      <Weakness ID="ELEMENT_FIRE" Stars="2"/>
    </Weaknesses>
    <Crown Mini="0.9" Silver="1.15" Gold="1.23"/>
    <Parts Max="7">
      <Part Name="MONSTER_PART_HEAD" Group="HEAD" TenderizeIds="0,4">
        <Break Threshold="2"/>
      </Part>
      <Part Name="MONSTER_PART_BODY" Group="BODY">
        <Break Threshold="1"/>
      </Part>
      <Part Name="MONSTER_PART_LWING" Group="WING" TenderizeIds="1">
        <Break Threshold="1"/>
      </Part>
      <Part Name="MONSTER_PART_RWING" Group="WING" TenderizeIds="5">
        <Break Threshold="1"/>
      </Part>
      <Part Name="MONSTER_PART_LLEG" Group="LEG" TenderizeIds="2"/>
      <Part Name="MONSTER_PART_RLEG" Group="LEG" TenderizeIds="6"/>
      <Part Name="MONSTER_PART_TAIL" Group="TAIL" TenderizeIds="3,7">
        <Break Threshold="1"/>
      </Part>
    </Parts>
  </Monster>
  <Monster ID="em111_05" Capture="15" GameID="73"> <!-- Shrieking Legiana -->
    <Weaknesses>
      <Weakness ID="ELEMENT_FIRE" Stars="3"/>
      <Weakness ID="ELEMENT_THUNDER" Stars="2"/>
    </Weaknesses>
    <Crown Mini="0.9" Silver="1.15" Gold="1.23"/>
    <Parts Max="7">
      <Part Name="MONSTER_PART_SKY_FALL" IsRemovable="True"/>
      <Part Name="MONSTER_PART_HEAD" Group="HEAD" TenderizeIds="0,4">
        <Break Threshold="2"/>
      </Part>
      <Part Name="MONSTER_PART_BODY" Group="BODY">
        <Break Threshold="1"/>
      </Part>
      <Part Name="MONSTER_PART_LWING" Group="WING" TenderizeIds="1">
        <Break Threshold="1"/>
      </Part>
      <Part Name="MONSTER_PART_RWING" Group="WING" TenderizeIds="5">
        <Break Threshold="1"/>
      </Part>
      <Part Name="MONSTER_PART_LEGS" Group="LEG" TenderizeIds="2,6"/>
      <Part Name="MONSTER_PART_TAIL" Group="TAIL" TenderizeIds="3,7">
        <Break Threshold="1"/>
      </Part>
    </Parts>
  </Monster>
  <Monster ID="em112_00" Capture="30" GameID="33"> <!-- Great Girros -->
    <Weaknesses>
      <Weakness ID="ELEMENT_WATER" Stars="3"/>
      <Weakness ID="ELEMENT_ICE" Stars="2"/>
    </Weaknesses>
    <Crown Mini="0.9" Silver="1.15" Gold="1.23"/>
    <Parts Max="6">
      <Part Name="MONSTER_PART_REMOVABLE_TAIL" IsRemovable="True">
        <Break Threshold="1"/>
      </Part>
      <Part Name="MONSTER_PART_HEAD" Group="HEAD" TenderizeIds="0,3">
        <Break Threshold="2"/>
      </Part>
      <Part Name="MONSTER_PART_BODY" Group="BODY"/>
      <Part Name="MONSTER_PART_ARMS" Group="ARM" TenderizeIds="1,4">
        <Break Threshold="1"/>
      </Part>
      <Part Name="MONSTER_PART_LEGS" Group="LEG"/>
      <Part Name="MONSTER_PART_TAIL" Group="TAIL" TenderizeIds="2,5"/>
    </Parts>
  </Monster>
  <Monster ID="em113_00" Capture="20" GameID="34"> <!-- Odogaron -->
    <Weaknesses>
      <Weakness ID="ELEMENT_ICE" Stars="3"/>
      <Weakness ID="ELEMENT_THUNDER" Stars="2"/>
    </Weaknesses>
    <Crown Mini="0.9" Silver="1.15" Gold="1.23"/>
    <Parts Max="7">
      <Part Name="MONSTER_PART_COUNTERATTACK" IsRemovable="True"/>
      <Part Name="MONSTER_PART_REMOVABLE_TAIL" IsRemovable="True">
        <Break Threshold="1"/>
      </Part>
      <Part Name="MONSTER_PART_HEAD" Group="HEAD" TenderizeIds="0,4">
        <Break Threshold="1"/>
        <Break Threshold="2"/>
      </Part>
      <Part Name="MONSTER_PART_BODY" Group="BODY" TenderizeIds="2,6"/>
      <Part Name="MONSTER_PART_ARMS" Group="ARM" TenderizeIds="1,5">
        <Break Threshold="1"/>
      </Part>
      <Part Name="MONSTER_PART_LEGS" Group="LEG">
        <Break Threshold="1"/>
      </Part>
      <Part Name="MONSTER_PART_TAIL" Group="TAIL" TenderizeIds="3,7">
        <Break Threshold="1"/>
      </Part>
    </Parts>
  </Monster>
  <Monster ID="em113_01" Capture="15"  GameID="74"> <!-- Ebony Odogaron -->
    <Weaknesses>
      <Weakness ID="ELEMENT_WATER" Stars="3"/>
      <Weakness ID="ELEMENT_THUNDER" Stars="2"/>
    </Weaknesses>
    <Crown Mini="0.9" Silver="1.15" Gold="1.23"/>
    <Parts Max="8">
      <Part Name="MONSTER_PART_COUNTERATTACK" IsRemovable="True" Index="0"/>
      <Part Name="MONSTER_PART_REMOVABLE_HEAD" IsRemovable="True" Index="2">
        <Break Threshold="1"/>
        <Break Threshold="2"/>
      </Part>
      <Part Name="MONSTER_PART_REMOVABLE_TAIL" IsRemovable="True" Index="1">
        <Break Threshold="1"/>
      </Part>
      <Part Name="MONSTER_PART_HEAD" Group="HEAD" TenderizeIds="0,4"/>
      <Part Name="MONSTER_PART_BODY" Group="BODY" TenderizeIds="2,6"/>
      <Part Name="MONSTER_PART_ARMS" Group="ARM" TenderizeIds="1,5">
        <Break Threshold="1"/>
      </Part>
      <Part Name="MONSTER_PART_LEGS" Group="LEG">
        <Break Threshold="1"/>
      </Part>
      <Part Name="MONSTER_PART_TAIL" Group="TAIL" TenderizeIds="3,7">
        <Break Threshold="1"/>
      </Part>
    </Parts>
  </Monster>
  <Monster ID="em114_00" Capture="25"  GameID="35"> <!-- Radobaan -->
    <Weaknesses>
      <Weakness ID="ELEMENT_DRAGON" Stars="3"/>
      <Weakness ID="ELEMENT_ICE" Stars="2"/>
    </Weaknesses>
    <Crown Mini="0.9" Silver="1.10" Gold="1.20"/>
    <Parts Max="14">
      <Part Name="MONSTER_PART_REMOVABLE_TAIL" IsRemovable="True">
        <Break Threshold="1"/>
      </Part>
      <Part Name="MONSTER_PART_UNKNOWN" IsRemovable="True"/> 
      <Part Name="MONSTER_PART_UNKNOWN" IsRemovable="True"/> 
      <Part Name="MONSTER_PART_UNKNOWN" IsRemovable="True"/> 
      <Part Name="MONSTER_PART_UNKNOWN" IsRemovable="True"/> 
      <Part Name="MONSTER_PART_HEAD" Group="HEAD" TenderizeIds="0,4"/>
      <Part Name="MONSTER_PART_BODY" Group="BODY" TenderizeIds="1,5"/>
      <Part Name="MONSTER_PART_LLEG" Group="LEG" TenderizeIds="2"/>
      <Part Name="MONSTER_PART_RLEG" Group="LEG" TenderizeIds="6"/>
      <Part Name="MONSTER_PART_TAIL" Group="TAIL" TenderizeIds="3,7"/>
      <Part Name="MONSTER_PART_JAW" Group="JAW">
        <Break Threshold="1"/>
        <Break Threshold="2"/> <!-- 3 if it restores its bones before 2nd break -->
      </Part>
      <Part Name="MONSTER_PART_BACK" Group="BACK">
        <Break Threshold="1"/>
        <Break Threshold="2"/> <!-- 3 if it restores its bones before 2nd break -->
      </Part>
      <Part Name="MONSTER_PART_LBONE" Group="BONE">
        <Break Threshold="1"/>
        <Break Threshold="2"/> <!-- 3 if it restores its bones before 2nd break -->
      </Part>
      <Part Name="MONSTER_PART_RBONE" Group="BONE">
        <Break Threshold="1"/>
        <Break Threshold="2"/> <!-- 3 if it restores its bones before 2nd break -->
      </Part>
    </Parts>
  </Monster>
  <Monster ID="em115_00" Capture="0"  GameID="36"> <!-- Vaal Hazak -->
    <Weaknesses>
      <Weakness ID="ELEMENT_FIRE" Stars="3"/>
      <Weakness ID="ELEMENT_DRAGON" Stars="3"/>
    </Weaknesses>
    <Crown Mini="0.9" Silver="1.15" Gold="1.23"/>
    <Parts Max="11">
      <Part Name="MONSTER_PART_EMISSIONS" IsRemovable="True"/>
      <Part Name="MONSTER_PART_REMOVABLE_TAIL" IsRemovable="True">
        <Break Threshold="1"/>
      </Part>
      <Part Name="MONSTER_PART_HEAD" Group="HEAD" TenderizeIds="0,4">
        <Break Threshold="2"/>
      </Part>
      <Part Name="MONSTER_PART_BACK" Group="BACK"/>
      <Part Name="MONSTER_PART_CHEST" Group="CHEST" TenderizeIds="2,6">
        <Break Threshold="1"/>
      </Part>
      <Part Name="MONSTER_PART_TAIL" Group="TAIL" TenderizeIds="3,7"/>
      <Part Name="MONSTER_PART_LARM" Group="ARM" TenderizeIds="1">
        <Break Threshold="1"/>
      </Part>
      <Part Name="MONSTER_PART_RARM" Group="ARM" TenderizeIds="5">
        <Break Threshold="1"/>
      </Part>
      <Part Name="MONSTER_PART_LLEG" Group="LEG"/>
      <Part Name="MONSTER_PART_RLEG" Group="LEG"/>
      <Part Name="MONSTER_PART_WINGS" Group="WING"/>
    </Parts>
  </Monster>
  <Monster ID="em115_05" Capture="0"  GameID="75"> <!-- Blackveil Vaal Hazak -->
    <Weaknesses>
      <Weakness ID="ELEMENT_FIRE" Stars="2"/>
      <Weakness ID="ELEMENT_DRAGON" Stars="2"/>
    </Weaknesses>
    <Crown Mini="0.9" Silver="1.15" Gold="1.23"/>
    <Parts Max="16">
      <Part Name="MONSTER_PART_REMOVABLE_TAIL" IsRemovable="True" Index="1">
        <Break Threshold="1"/>
      </Part>
      <Part Name="MONSTER_PART_EMISSIONS" IsRemovable="True" Index="0"/>
      <Part Name="MONSTER_PART_HEAD" Group="HEAD" TenderizeIds="0,4">
        <Break Threshold="3"/>
      </Part>
      <Part Name="MONSTER_PART_BACK" Group="BACK"/>
      <Part Name="MONSTER_PART_CHEST" Group="CHEST" TenderizeIds="2,6">
        <Break Threshold="1"/>
      </Part>
      <Part Name="MONSTER_PART_TAIL" Group="TAIL" TenderizeIds="3,7"/>
      <Part Name="MONSTER_PART_LARM" Group="ARM" TenderizeIds="1">
        <Break Threshold="1"/>
      </Part>
      <Part Name="MONSTER_PART_RARM" Group="ARM" TenderizeIds="5">
        <Break Threshold="1"/>
      </Part>
      <Part Name="MONSTER_PART_LLEG" Group="LEG"/>
      <Part Name="MONSTER_PART_RLEG" Group="LEG"/>
      <Part Name="MONSTER_PART_WINGS" Group="WING"/>
      <Part Name="MONSTER_PART_UNKNOWN" Group="MISC"/>
      <Part Name="MONSTER_PART_UNKNOWN" Group="MISC"/>
      <Part Name="MONSTER_PART_UNKNOWN" Group="MISC"/>
      <Part Name="MONSTER_PART_UNKNOWN" Group="MISC"/>
      <Part Name="MONSTER_PART_UNKNOWN" Group="MISC"/>
    </Parts>
  </Monster>
  <Monster ID="em116_00" Capture="30" GameID="37"> <!-- Dodogama -->
    <Weaknesses>
      <Weakness ID="ELEMENT_THUNDER" Stars="3"/>
      <Weakness ID="ELEMENT_ICE" Stars="2"/>
    </Weaknesses>
    <Crown Mini="0.9" Silver="1.15" Gold="1.23"/>
    <Parts Max="6">
      <Part Name="MONSTER_PART_REMOVABLE_TAIL" IsRemovable="True">
        <Break Threshold="1"/>
      </Part>
      <Part Name="MONSTER_PART_HEAD" Group="HEAD" TenderizeIds="0,3">
        <Break Threshold="5"/>
      </Part>
      <Part Name="MONSTER_PART_BODY" Group="BODY"/>
      <Part Name="MONSTER_PART_ARMS" Group="ARM" TenderizeIds="1,4">
        <Break Threshold="1"/>
      </Part>
      <Part Name="MONSTER_PART_LEGS" Group="LEG"/>
      <Part Name="MONSTER_PART_TAIL" Group="TAIL" TenderizeIds="2,5"/>
    </Parts>
  </Monster>
  <Monster ID="em117_00" Capture="0" GameID="38"> <!-- Kulve Taroth -->
    <Weaknesses>
      <Weakness ID="ELEMENT_ICE" Stars="3"/>
      <Weakness ID="ELEMENT_THUNDER" Stars="0"/>
    </Weaknesses>
    <Crown Mini="0.9" Silver="1.15" Gold="1.23"/>
    <Parts Max="18">
      <Part Name="MONSTER_PART_REMOVABLE_HORNS" IsRemovable="True" Index="1">
        <Break Threshold="1"/>
      </Part>
      <Part Name="MONSTER_PART_REMOVABLE_HORNS_2" IsRemovable="True" Index="0">
        <Break Threshold="1"/>
      </Part>
      <Part Name="MONSTER_PART_HORNS" Group="HORN" TenderizeIds="0,3">
        <Break Threshold="1"/>
      </Part>
      <Part Name="MONSTER_PART_CHEST" Group="CHEST" TenderizeIds="1,4"/>
      <Part Name="MONSTER_PART_BODY" Group="BODY"/>
      <Part Name="MONSTER_PART_LLIMBS" Group="LIMB"/>
      <Part Name="MONSTER_PART_RLIMBS" Group="LIMB"/>
      <Part Name="MONSTER_PART_TAIL" Group="TAIL" TenderizeIds="7,9">
        <Break Threshold="1"/>
      </Part>
      <Part Name="MONSTER_PART_HORNS_GOLD" Group="HORN">
        <Break Threshold="1"/>
      </Part>
      <Part Name="MONSTER_PART_MANE_GOLD" Group="MANE"/>
      <Part Name="MONSTER_PART_LCHEST_GOLD" Group="CHEST">
        <Break Threshold="1"/>
      </Part>
      <Part Name="MONSTER_PART_RCHEST_GOLD" Group="CHEST">
        <Break Threshold="1"/>
      </Part>
      <Part Name="MONSTER_PART_LARM_GOLD" Group="ARM" TenderizeIds="2">
        <Break Threshold="1"/>
      </Part>
      <Part Name="MONSTER_PART_RARM_GOLD" Group="ARM" TenderizeIds="5">
        <Break Threshold="1"/>
      </Part>
      <Part Name="MONSTER_PART_LLEG_GOLD" Group="LEG" TenderizeIds="6">
        <Break Threshold="1"/>
      </Part>
      <Part Name="MONSTER_PART_RLEG_GOLD" Group="LEG" TenderizeIds="8">
        <Break Threshold="1"/>
      </Part>
      <Part Name="MONSTER_PART_LTAIL_GOLD" Group="TAIL">
        <Break Threshold="1"/>
      </Part>
      <Part Name="MONSTER_PART_RTAIL_GOLD" Group="TAIL">
        <Break Threshold="1"/>
      </Part>
    </Parts>
  </Monster>
  <Monster ID="em118_00" Capture="30" GameID="39"> <!-- Bazelgeuse -->
    <Weaknesses>
      <Weakness ID="ELEMENT_THUNDER" Stars="3"/>
      <Weakness ID="ELEMENT_DRAGON" Stars="2"/>
    </Weaknesses>
    <Crown Mini="0.9" Silver="1.15" Gold="1.23"/>
    <Parts Max="7">
      <Part Name="MONSTER_PART_REMOVABLE_TAIL" IsRemovable="True">
        <Break Threshold="1"/>
      </Part>
      <Part Name="MONSTER_PART_HEAD" Group="HEAD" TenderizeIds="0,5">
        <Break Threshold="2"/>
      </Part>
      <Part Name="MONSTER_PART_BODY" Group="BODY">
        <Break Threshold="1"/>
      </Part>
      <Part Name="MONSTER_PART_LEGS" Group="LEG" TenderizeIds="3,8"/>
      <Part Name="MONSTER_PART_LWING" Group="WING" TenderizeIds="1,2">
        <Break Threshold="1"/>
      </Part>
      <Part Name="MONSTER_PART_RWING" Group="WING" TenderizeIds="6,7">
        <Break Threshold="1"/>
      </Part>
      <Part Name="MONSTER_PART_TAIL" Group="TAIL" TenderizeIds="4,9"/>
    </Parts>
  </Monster>
  <Monster ID="em118_05" Capture="10" GameID="76"> <!-- Seething Bazelgeuse -->
    <Weaknesses>
      <Weakness ID="ELEMENT_ICE" Stars="3"/>
      <Weakness ID="ELEMENT_THUNDER" Stars="2"/>
    </Weaknesses>
    <Crown Mini="0.9" Silver="1.15" Gold="1.23"/>
    <Parts Max="9">
      <Part Name="MONSTER_PART_GLOWING_HEAD" IsRemovable="True" Index="1"/>
      <Part Name="MONSTER_PART_REMOVABLE_TAIL" IsRemovable="True" Index="0">
        <Break Threshold="1"/>
      </Part>
      <Part Name="MONSTER_PART_GLOWING_TAIL" IsRemovable="True" Index="2"/>
      <Part Name="MONSTER_PART_HEAD" Group="HEAD" TenderizeIds="0,5">
        <Break Threshold="2"/>
      </Part>
      <Part Name="MONSTER_PART_BODY" Group="BODY">
        <Break Threshold="1"/>
      </Part>
      <Part Name="MONSTER_PART_LEGS" Group="LEG" TenderizeIds="3,8"/>
      <Part Name="MONSTER_PART_LWING" Group="WING" TenderizeIds="1,2">
        <Break Threshold="1"/>
      </Part>
      <Part Name="MONSTER_PART_RWING" Group="WING" TenderizeIds="6,7">
        <Break Threshold="1"/>
      </Part>
      <Part Name="MONSTER_PART_TAIL" Group="TAIL" TenderizeIds="4,9"/>
    </Parts>
  </Monster>
  <Monster ID="em120_00" Capture="30" GameID="28"> <!-- TziTzi-Ya-Ku -->
    <Weaknesses>
      <Weakness ID="ELEMENT_ICE" Stars="3"/>
      <Weakness ID="ELEMENT_THUNDER" Stars="3"/>
    </Weaknesses>
    <Crown Mini="0.9" Silver="1.15" Gold="1.23"/>
    <Parts Max="5">
      <Part Name="MONSTER_PART_REMOVABLE_HEAD" Group="HEAD">
        <Break Threshold="2"/>
      </Part>
      <Part Name="MONSTER_PART_HEAD" Group="HEAD" TenderizeIds="0,3"/>
      <Part Name="MONSTER_PART_ARMS" Group="ARM" TenderizeIds="1,4"/>
      <Part Name="MONSTER_PART_LEGS" Group="LEG"/>
      <Part Name="MONSTER_PART_TAIL" Group="TAIL" TenderizeIds="2,5"/>
    </Parts>
  </Monster>
  <Monster ID="em121_00" Capture="0" GameID="15"> <!-- Behemoth -->
    <Weaknesses>
      <Weakness ID="ELEMENT_DRAGON" Stars="3"/>
      <Weakness ID="ELEMENT_WATER" Stars="2"/>
    </Weaknesses>
    <Crown Mini="0.9" Silver="1.15" Gold="1.23"/>
    <Parts Max="9">
      <Part Name="MONSTER_PART_REMOVABLE_TAIL" IsRemovable="True">
        <Break Threshold="1"/>
      </Part>
      <Part Name="MONSTER_PART_HORNS" Group="HORN">
        <Break Threshold="2"/>
        <Break Threshold="3"/>
      </Part>
      <Part Name="MONSTER_PART_HEAD" Group="HEAD" TenderizeIds="0,3"/>
      <Part Name="MONSTER_PART_BODY" Group="BODY"/>
      <Part Name="MONSTER_PART_LARM" Group="ARM" TenderizeIds="1">
        <Break Threshold="3"/>
      </Part>
      <Part Name="MONSTER_PART_RARM" Group="ARM" TenderizeIds="4">
        <Break Threshold="3"/>
      </Part>
      <Part Name="MONSTER_PART_LLEG" Group="LEG"/>
      <Part Name="MONSTER_PART_RLEG" Group="LEG"/>
      <Part Name="MONSTER_PART_TAIL" Group="TAIL" TenderizeIds="2,5"/>
    </Parts>
  </Monster>
  <Monster ID="em122_00" Capture="25" GameID="77"> <!-- Beotodus -->
    <Weaknesses>
      <Weakness ID="ELEMENT_FIRE" Stars="3"/>
      <Weakness ID="ELEMENT_THUNDER" Stars="2"/>
    </Weaknesses>
    <Crown Mini="0.9" Silver="1.15" Gold="1.23"/>
    <Parts Max="10">
      <Part Name="MONSTER_PART_EMERGE_SNOW_HEAD" IsRemovable="True"/>
      <Part Name="MONSTER_PART_EMERGE_SNOW_BODY" IsRemovable="True"/>
      <Part Name="MONSTER_PART_EMERGE_SNOW_TAIL" IsRemovable="True"/>
      <Part Name="MONSTER_PART_HEAD" Group="HEAD" TenderizeIds="0,3">
        <Break Threshold="2"/>
      </Part>
      <Part Name="MONSTER_PART_HEAD_SNOW" Group="HEAD" TenderizeIds="0,3">
        <Break Threshold="1"/>
      </Part>
      <Part Name="MONSTER_PART_BODY" Group="BODY" TenderizeIds="1,4">
        <Break Threshold="1"/>
      </Part>
      <Part Name="MONSTER_PART_BODY_SNOW" Group="BODY" TenderizeIds="1,4">
        <Break Threshold="1"/>
      </Part>
      <Part Name="MONSTER_PART_LEGS" Group="LEG">
        <Break Threshold="2"/>
      </Part>
      <Part Name="MONSTER_PART_TAIL" Group="TAIL" TenderizeIds="2,5">
        <Break Threshold="1"/>
      </Part>
      <Part Name="MONSTER_PART_TAIL_SNOW" Group="TAIL" TenderizeIds="2,5">
        <Break Threshold="1"/>
      </Part>
    </Parts>
  </Monster>
  <Monster ID="em123_00" Capture="25" GameID="78"> <!-- Banbaro -->
    <Weaknesses>
      <Weakness ID="ELEMENT_DRAGON" Stars="3"/>
      <Weakness ID="ELEMENT_FIRE" Stars="2"/>
    </Weaknesses>
    <Crown Mini="0.9" Silver="1.15" Gold="1.23"/>
    <Parts Max="8">
      <Part Name="MONSTER_PART_REMOVABLE_HORNS" IsRemovable="True">
        <Break Threshold="1"/>
        <Break Threshold="2"/>
      </Part>
      <Part Name="MONSTER_PART_REMOVABLE_TAIL" IsRemovable="True">
        <Break Threshold="1"/>
      </Part>
      <Part Name="MONSTER_PART_UNKNOWN" IsRemovable="True"/>
      <Part Name="MONSTER_PART_HORNS" Group="HORN" TenderizeIds="0,3"/>
      <Part Name="MONSTER_PART_BODY" Group="BODY"/>
      <Part Name="MONSTER_PART_LLEG" Group="LEG" TenderizeIds="1">
        <Break Threshold="1"/>
      </Part>
      <Part Name="MONSTER_PART_RLEG" Group="LEG" TenderizeIds="4">
        <Break Threshold="1"/>
      </Part>
      <Part Name="MONSTER_PART_TAIL" Group="TAIL" TenderizeIds="2,5"/>
    </Parts>
  </Monster>
  <Monster ID="em124_00" Capture="0" GameID="79"> <!-- Velkhana -->
    <Weaknesses>
      <Weakness ID="ELEMENT_FIRE" Stars="3"/>
      <Weakness ID="ELEMENT_DRAGON" Stars="2"/>
    </Weaknesses>
    <Crown Mini="0.9" Silver="1.15" Gold="1.23"/>
    <Parts Max="12">
      <Part Name="MONSTER_PART_REMOVABLE_TAIL" IsRemovable="True">
        <Break Threshold="1"/>
      </Part>
      <Part Name="MONSTER_PART_SKY_FALL" IsRemovable="True"/>
      <Part Name="MONSTER_PART_HEAD" Group="HEAD" TenderizeIds="0,3">
        <Break Threshold="2"/>
      </Part>
      <Part Name="MONSTER_PART_HEAD_ICE" Group="HEAD"/>
      <Part Name="MONSTER_PART_BODY" Group="BODY"/>
      <Part Name="MONSTER_PART_BODY_ICE" Group="BODY"/>
      <Part Name="MONSTER_PART_WINGS" Group="WING" TenderizeIds="1,4">
        <Break Threshold="2"/>
      </Part>
      <Part Name="MONSTER_PART_WINGS_ICE" Group="WING"/>
      <Part Name="MONSTER_PART_ARMS" Group="ARM"/>
      <Part Name="MONSTER_PART_ARMS_ICE" Group="ARM"/>
      <Part Name="MONSTER_PART_LEGS" Group="LEG"/>
      <Part Name="MONSTER_PART_TAIL" Group="TAIL" TenderizeIds="2,5"/>
    </Parts>
  </Monster>
  <Monster ID="em125_00" Capture="0" GameID="80"> <!-- Namielle -->
    <Weaknesses>
      <Weakness ID="ELEMENT_FIRE" Stars="3"/>
      <Weakness ID="ELEMENT_DRAGON" Stars="2"/>
    </Weaknesses>
    <Crown Mini="0.9" Silver="1.15" Gold="1.23"/>
    <Parts Max="7">
      <Part Name="MONSTER_PART_REMOVABLE_TAIL" IsRemovable="True">
        <Break Threshold="1"/>
      </Part>
      <Part Name="MONSTER_PART_HEAD" Group="HEAD" TenderizeIds="0,4">
        <Break Threshold="5"/>
      </Part>
      <Part Name="MONSTER_PART_BACK" Group="BACK"/>
      <Part Name="MONSTER_PART_TAIL" Group="TAIL" TenderizeIds="3,7"/>
      <Part Name="MONSTER_PART_ARMS" Group="ARM" TenderizeIds="1,5">
        <Break Threshold="2"/>
      </Part>
      <Part Name="MONSTER_PART_LEGS" Group="LEG"/>
      <Part Name="MONSTER_PART_WINGS" Group="WING" TenderizeIds="2,6">
        <Break Threshold="2"/>
      </Part>
    </Parts>
  </Monster>
  <Monster ID="em126_00" Capture="0" GameID="81"> <!-- Shara Ishvalda -->
    <Weaknesses>
      <Weakness ID="ELEMENT_ICE" Stars="3"/>
      <Weakness ID="ELEMENT_WATER" Stars="2"/>
    </Weaknesses>
    <Crown Mini="0.9" Silver="1.15" Gold="1.23"/>
    <Parts Max="21">
      <Part Name="MONSTER_PART_REMOVABLE_HEAD_ROCK" IsRemovable="True" Index="0">
        <Break Threshold="1"/>
        <Break Threshold="2"/>
        <Break Threshold="3"/>
        <Break Threshold="4"/>
      </Part>
      <Part Name="MONSTER_PART_REMOVABLE_HEAD_ROCK" IsRemovable="True" Index="1">
        <Break Threshold="1"/>
        <Break Threshold="2"/>
        <Break Threshold="3"/>
        <Break Threshold="4"/>
      </Part>
      <Part Name="MONSTER_PART_REMOVABLE_CHEST_ROCK" IsRemovable="True" Index="2">
        <Break Threshold="1"/>
        <Break Threshold="2"/>
        <Break Threshold="3"/>
        <Break Threshold="4"/>
        <Break Threshold="5"/>
        <Break Threshold="6"/>
      </Part>
      <Part Name="MONSTER_PART_UNKNOWN" IsRemovable="True" Index="4"/>
      <Part Name="MONSTER_PART_REMOVABLE_HEAD" IsRemovable="True" Index="3">
        <Break Threshold="1"/>
      </Part>
      <Part Name="MONSTER_PART_LNECK_ROCK" Group="NECK"/>
      <Part Name="MONSTER_PART_RNECK_ROCK" Group="NECK"/>
      <Part Name="MONSTER_PART_HEAD_ROCK" Group="HEAD"/>
      <Part Name="MONSTER_PART_TAIL_ROCK" Group="TAIL"/>
      <Part Name="MONSTER_PART_LWING_ROCK" Group="WING">
        <Break Threshold="1"/>
      </Part>
      <Part Name="MONSTER_PART_RWING_ROCK" Group="WING">
        <Break Threshold="1"/>
      </Part>
      <Part Name="MONSTER_PART_LARM_ROCK" Group="ARM">
        <Break Threshold="1"/>
        <Break Threshold="2"/>
      </Part>
      <Part Name="MONSTER_PART_RARM_ROCK" Group="ARM">
        <Break Threshold="1"/>
        <Break Threshold="2"/>
      </Part>
      <Part Name="MONSTER_PART_LEGS" Group="LEG" TenderizeIds="2,5"/>
      <Part Name="MONSTER_PART_HEAD" Group="HEAD" TenderizeIds="0,3">
        <Break Threshold="1"/>
      </Part>
      <Part Name="MONSTER_PART_BODY" Group="BODY"/>
      <Part Name="MONSTER_PART_LWING" Group="WING"/>
      <Part Name="MONSTER_PART_RWING" Group="WING"/>
      <Part Name="MONSTER_PART_LARM" Group="ARM" TenderizeIds="1">
        <Break Threshold="1"/>
      </Part>
      <Part Name="MONSTER_PART_RARM" Group="ARM" TenderizeIds="4">
        <Break Threshold="1"/>
      </Part>
      <Part Name="MONSTER_PART_TAIL" Group="TAIL"/>
    </Parts>
  </Monster>
  <Monster ID="em127_00" Capture="0" GameID="23"> <!-- Leshen -->
    <Weaknesses>
      <Weakness ID="ELEMENT_FIRE" Stars="3"/>
      <Weakness ID="ELEMENT_THUNDER" Stars="2"/>
    </Weaknesses>
    <Crown Mini="0.9" Silver="1.15" Gold="1.23"/>
    <Parts Max="6">
      <Part Name="MONSTER_PART_BODY_LEGS" IsRemovable="True">
        <Break Threshold="1"/>
      </Part>
      <Part Name="MONSTER_PART_ANTLERS" Group="HEAD" TenderizeIds="0,1">
        <Break Threshold="1"/>
        <Break Threshold="2"/>
      </Part>
      <Part Name="MONSTER_PART_BODY" Group="BODY" TenderizeIds="0,1"/>
      <Part Name="MONSTER_PART_LEGS" Group="LEG"/>
      <Part Name="MONSTER_PART_ARMS" Group="ARM"/>
      <Part Name="MONSTER_PART_UNKNOWN" Group="MISC"/> <!-- Unknown/Flinch -->
    </Parts>
  </Monster>
  <Monster ID="em127_01" Capture="0" GameID="51"> <!-- Ancient Leshen -->
    <Weaknesses>
      <Weakness ID="ELEMENT_FIRE" Stars="3"/>
      <Weakness ID="ELEMENT_THUNDER" Stars="2"/>
    </Weaknesses>
    <Crown Mini="0.9" Silver="1.15" Gold="1.23"/>
    <Parts Max="6">
      <Part Name="MONSTER_PART_BODY_LEGS" IsRemovable="True">
        <Break Threshold="1"/>
      </Part>
      <Part Name="MONSTER_PART_ANTLERS" Group="HEAD" TenderizeIds="0,1">
        <Break Threshold="1"/>
        <Break Threshold="2"/>
      </Part>
      <Part Name="MONSTER_PART_BODY" Group="BODY" TenderizeIds="0,1"/>
      <Part Name="MONSTER_PART_LEGS" Group="LEG"/>
      <Part Name="MONSTER_PART_ARMS" Group="ARM"/>
      <Part Name="MONSTER_PART_UNKNOWN" Group="MISC"/> <!-- Unknown/Flinch -->
    </Parts>
  </Monster>
</Monsters>
