﻿<?xml version="1.0" encoding="UTF-8"?>
<Abnormalities>
	<Songs>
		<Abnormality Id="38" 
					 Name="ABNORMALITY_SELF_IMPROVEMENT"
					 Icon="ICON_SELFIMPROVEMENT"/>
		<Abnormality Id="3C"
					 Name="ABNORMALITY_ATTACK_UP"
					 Icon="ICON_ATTACKUP"/>
		<Abnormality Id="40"
					 Name="ABNORMALITY_ATTACK_UP_L"
					 Icon="ICON_ATTACKUP"/>
		<Abnormality Id="44"
					 Name="ABNORMALITY_HEALTH_BOOST"
					 Icon="ICON_HEALTHUP"/>
		<Abnormality Id="48" 
					 Name="ABNORMALITY_HEALTH_BOOST_L"
					 Icon="ICON_HEALTHUP"/>
		<Abnormality Id="4C"
					 Name="ABNORMALITY_STAMINA_USE_RED"
					 Icon="ICON_STAMINAUP"/>
		<Abnormality Id="50"
					 Name="ABNORMALITY_STAMINA_USE_RED_L"
					 Icon="ICON_STAMINAUP"/>
		<Abnormality Id="54"
					 Name="ABNORMALITY_WIND_PRESSURE"
					 Icon="ICON_WINDRES"/>
		<Abnormality Id="58"
					 Name="ABNORMALITY_WIND_PRESSURE_PLUS"
					 Icon="ICON_WINDRES+"/>
		<Abnormality Id="5C"
					 Name="ABNORMALITY_DEFENSE_UP"
					 Icon="ICON_DEFUP"/>
		<Abnormality Id="60"
					 Name="ABNORMALITY_DEFENSE_UP_L"
					 Icon="ICON_DEFUP"/>
		<Abnormality Id="64"
					 Name="ABNORMALITY_TOOL_USE_RED"
					 Icon="ICON_MANTLEUP"/>
		<Abnormality Id="68"
					 Name="ABNORMALITY_TOOL_USE_RED_L"
					 Icon="ICON_MANTLEUP"/>
		<Abnormality Id="80" 
					 Name="ABNORMALITY_HEALTH_REC"
					 Icon="ICON_NATURALHEALING"/>
		<Abnormality Id="84" 
					 Name="ABNORMALITY_HEALTH_REC_L"
					 Icon="ICON_NATURALHEALING"/>
		<Abnormality Id="88" 
					 Name="ABNORMALITY_EARPLUG"
					 Icon="ICON_EARPLUGS"/>
		<Abnormality Id="8C" 
					 Name="ABNORMALITY_EARPLUG_PLUS"
					 Icon="ICON_EARPLUGS+"/>
		<Abnormality Id="90"
					 Name="ABNORMALITY_DIVINE_PROTECTION"
					 Icon="ICON_DIVINEPROTECTION"/>
		<Abnormality Id="94"
					 Name="ABNORMALITY_SCOUTFLY"
					 Icon="ICON_SCOUTFLYUP"/>
		<Abnormality Id="98"
					 Name="ABNORMALITY_ENV_NEG"
					 Icon="ICON_ENVNEG"/>
		<Abnormality Id="9C"
					 Name="ABNORMALITY_STUN_NEG"
					 Icon="ICON_STUNNEG"/>
		<Abnormality Id="A0"
					 Name="ABNORMALITY_PARALYSIS_NEG"
					 Icon="ICON_PARALYSISNEG"/>
		<Abnormality Id="A4" 
					 Name="ABNORMALITY_TREMORS_NEG"
					 Icon="ICON_TREMORNEG"/>
		<Abnormality Id="A8" 
					 Name="ABNORMALITY_DEEP_RESISTANCE"
					 Icon="ICON_DEEPRES"/>
		<Abnormality Id="AC"
					 Name="ABNORMALITY_FIRE_RESISTANCE"
					 Icon="ICON_FIRERES"/>
		<Abnormality Id="B0"
					 Name="ABNORMALITY_FIRE_RESISTANCE_L"
					 Icon="ICON_FIRERES+"/>
		<Abnormality Id="B4"
					 Name="ABNORMALITY_WATER_RESISTANCE"
					 Icon="ICON_WATERRES"/>
		<Abnormality Id="B8"
					 Name="ABNORMALITY_WATER_RESISTANCE_L"
					 Icon="ICON_WATERRES+"/>
		<Abnormality Id="BC"
					 Name="ABNORMALITY_THUNDER_RESISTANCE"
					 Icon="ICON_THUNDERRES"/>
		<Abnormality Id="C0"
					 Name="ABNORMALITY_THUNDER_RESISTANCE_L"
					 Icon="ICON_THUNDERRES+"/>
		<Abnormality Id="C4"
					 Name="ABNORMALITY_ICE_RESISTANCE"
					 Icon="ICON_ICERES"/>
		<Abnormality Id="C8"
					 Name="ABNORMALITY_ICE_RESISTANCE_L"
					 Icon="ICON_ICERES+"/>
		<Abnormality Id="CC"
					 Name="ABNORMALITY_DRAGON_RESISTANCE"
					 Icon="ICON_DRAGONRES"/>
		<Abnormality Id="D0"
					 Name="ABNORMALITY_DRAGON_RESISTANCE_L"
					 Icon="ICON_DRAGONRES+"/>
		<Abnormality Id="D4"
					 Name="ABNORMALITY_ELEMENTAL_ATTACK_UP"
					 Icon="ICON_ELEATTACKUP"/>
		<Abnormality Id="D8" 
					 Name="ABNORMALITY_BLIGHT_NEG"
					 Icon="ICON_BLIGHTSNEG"/>
		<Abnormality Id="E4" 
					 Name="ABNORMALITY_KNOCKBACK_NEG"
					 Icon="ICON_KNOCKBACKNEG"/>
		<Abnormality Id="EC"
					 Name="ABNORMALITY_ALL_RES_UP"
					 Icon="ICON_ALLRESUP"/>
		<Abnormality Id="F0"
					 Name="ABNORMALITY_AFFINITY_UP"
					 Icon="ICON_AFFINITY"/>
		<Abnormality Id="F4"
					 Name="ABNORMALITY_AILMENTS_NEG"
					 Icon="ICON_AILMENTSNEG"/>
		<Abnormality Id="F8" 
					 Name="ABNORMALITY_EARPLUG"
					 Icon="ICON_EARPLUGS"/>
		<Abnormality Id="FC"
					 Name="ABNORMALITY_ABNORM_ATTACK_UP"
					 Icon="ICON_ABNORMATTACKUP"/>
		<Abnormality Id="10C"
					 Name="ABNORMALITY_MAX_STAM_RECOVERY"
					 Icon="ICON_MAXSTAMRECOVERY"/>
		<Abnormality Id="110"
					 Name="ABNORMALITY_EXT_HEALTH_RECOVERY"
					 Icon="ICON_EXT_HEALTHRECOVERY"/>
		<Abnormality Id="114"
					 Name="ABNORMALITY_SPEED_EVADE_UP"
					 Icon="ICON_EVASION"/>
		<Abnormality Id="118" 
					 Name="ABNORMALITY_ALL_RES_ELEMENT_ATTACK"
					 Icon="ICON_ALLRESUP"/>
	</Songs>
	<Palico>
		<Abnormality Id="11C"
					 Name="ABNORMALITY_RESUSCITATE"
					 Icon="ICON_EVASION"/>
		<Abnormality Id="120"
					 Name="ABNORMALITY_ATTACK_UP"
					 Icon="ICON_ATTACKUP"/>
		<Abnormality Id="124"
					 Name="ABNORMALITY_ATTACK_UP_L"
					 Icon="ICON_ATTACKUP"/>
		<Abnormality Id="128"
					 Name="ABNORMALITY_DEFENSE_UP"
					 Icon="ICON_DEFUP"/>
		<Abnormality Id="12C"
					 Name="ABNORMALITY_DEFENSE_UP_L"
					 Icon="ICON_DEFUP"/>
		<Abnormality Id="130"
					 Name="ABNORMALITY_AFFINITY_UP"
					 Icon="ICON_AFFINITY"/>
		<Abnormality Id="134"
					 Name="ABNORMALITY_HEALTH_REC"
					 Icon="ICON_NATURALHEALING"/>
		<Abnormality Id="138"
					 Name="ABNORMALITY_HEALTH_BOOST"
					 Icon="ICON_HEALTHUP"/>
		<Abnormality Id="13C"
					 Name="ABNORMALITY_STAMINA_USE_RED"
					 Icon="ICON_STAMINAUP"/>
		<Abnormality Id="144"
					 Nam="ABNORMALITY_DIVINE_PROTECTION"
					 Icon="ICON_DIVINEPROTECTION"/>
		<Abnormality Id="148" 
					 Name="ABNORMALITY_DIVINE_PROTECTION"
					 Icon="ICON_DIVINEPROTECTION"/>
		<Abnormality Id="14C"
					 Name="ABNORMALITY_STUN_NEG"
					 Icon="ICON_STUNNEG"/>
		<Abnormality Id="150"
					 Name="ABNORMALITY_PARALYSIS_NEG"
					 Icon="ICON_PARALYSISNEG"/>
		<Abnormality Id="154"
					 Name="ABNORMALITY_TREMORS_NEG"
					 Icon="ICON_TREMORNEG"/>
		<Abnormality Id="158"
					 Name="ABNORMALITY_EARPLUG"
					 Icon="ICON_EARPLUGS"/>
		<Abnormality Id="15C"
					 Name="ABNORMALITY_WINDPROOF"
					 Icon="ICON_WINDRES+"/>
		<Abnormality Id="160"
					 Name="ABNORMALITY_ENV_NEG"
					 Icon="ICON_ENVNEG"/>
	</Palico>
	<Debuffs>
		<Abnormality Id="5DC"
					 Name="ABNORMALITY_POISON"
					 Icon="ICON_POISON"/>
		<Abnormality Id="5E0"
					 Name="ABNORMALITY_VENOM"
					 Icon="ICON_VENOM"/>
		<Abnormality Id="5EC"
					 Name="ABNORMALITY_FIRE"
					 Icon="ELEMENT_FIRE"/>
		<Abnormality Id="5F0"
					 Name="ABNORMALITY_THUNDER"
					 Icon="ELEMENT_THUNDER"/>
		<Abnormality Id="5F4"
					 Name="ABNORMALITY_WATER"
					 Icon="ELEMENT_WATER"/>
		<Abnormality Id="5F8"
					 Name="ABNORMALITY_ICE"
					 Icon="ELEMENT_ICE"/>
		<Abnormality Id="5FC"
					 Name="ABNORMALITY_DRAGON"
					 Icon="ELEMENT_DRAGON"/>
		<Abnormality Id="600"
					 Name="ABNORMALITY_BLEED"
					 Icon="ICON_BLEED"/>
		<Abnormality Id="604" 
					 Icon="ICON_NATURALHEALING"/>
		<Abnormality Id="608" 
					 Name="ABNORMALITY_EFFLUVIA"
					 Icon="ICON_EFFLUVIA"/>
		<Abnormality Id="60C" 
					 Name="ABNORMALITY_DEF_DOWN"
					 Icon="ICON_DEFDOWN"/>
		<Abnormality Id="614" 
					 Name="ABNORMALITY_RES_DOWN"
					 Icon="ICON_ALLRESDOWN"/>
		<Abnormality Id="61C"/>
		<Abnormality Id="620"
					 Name="ABNORMALITY_BLAST"
					 Icon="ICON_BLAST"/>
		<Abnormality Id="63C-10" 
					 Name="ABNORMALITY_BLASTSCOURGE"
					 Offset="63C" 
					 DependsOn="62C"
					 WithValue="1"
					 Icon="ICON_BLASTSCOURGE"/>
	</Debuffs>
	<Consumables>
		<Abnormality Id="690" 
					 Name="ABNORMALITY_DASH_JUICE"
					 Icon="ITEM_DASH"/>
		<Abnormality Id="694" 
					 Name="ABNORMALITY_WIGGLY_LITCHY"
					 Icon="ICON_STAMINAUP"/>
		<Abnormality Id="698" 
					 Name="ABNORMALITY_ASTERA_JERKY"
					 Icon="ICON_NATURALHEALING"/>
		<Abnormality Id="6A0-8"
					 Name="ABNORMALITY_MIGHT_SEED"
					 Offset="6A0" 
					 DependsOn="6A8" 
					 Icon="ITEM_MIGHT"/>
		<Abnormality Id="6B0-C"
					 Name="ABNORMALITY_MIGHT_PILL"
					 Offset="6B0"
					 DependsOn="6BC"
					 Icon="ITEM_ADAMANT"/>
		<Abnormality Id="6C4"
					 Name="ABNORMALITY_DEMON_POWDER"
					 Icon="ITEM_ATKPOWDER"/>
		<Abnormality Id="6C8"
					 Name="ABNORMALITY_HARDSHELL_POWDER"
					 Icon="ITEM_DEFPOWDER"/>
		<Abnormality Id="6CC-8"
					 Name="ABNORMALITY_DEMONDRUG"
					 Offset="6CC" 
					 DependsOn="6D4"
					 WithValue="1"
					 IsInfinite="True"
					 Icon="ITEM_DEMONDRUG"/>
		<Abnormality Id="ABN_MEGA_DEMONDRUG"
		             Name="ABNORMALITY_MEGA_DEMONDRUG"
		             Offset="6CC" 
		             DependsOn="6D4"
		             WithValue="2"
		             IsInfinite="True"
		             Icon="ITEM_DEMONDRUG++"/>
		<Abnormality Id="6D0-8"
					 Name="ABNORMALITY_ARMORSKIN"
					 Offset="6D0"
					 DependsOn="6D8"
					 IsInfinite="True"
					 WithValue="1"
					 Icon="ITEM_ARMORSKIN"/>
		<Abnormality Id="ABN_MEGA_ARMORSKIN"
		             Name="ABNORMALITY_MEGA_ARMORSKIN"
		             Offset="6D0"
		             DependsOn="6D8"
		             IsInfinite="True"
		             WithValue="2"
		             Icon="ITEM_ARMORSKIN++"/>
		<Abnormality Id="6EC"
					 Name="ABNORMALITY_COOLDRINK"
					 Icon="ICON_HOTRES"/>
		<Abnormality Id="6F0"
					 Name="ABNORMALITY_HOTDRINK"
					 Icon="ICON_COLDRES"/>
		<Abnormality Id="6F8"
					 Name="ABNORMALITY_HEALTH_REGEN"
					 Icon="ICON_EXT_HEALTHRECOVERY"/>
		<Abnormality Id="6FC"
					 Name="ABNORMALITY_COLD_RES"
					 Icon="ICON_COLDRES"/>
		<Abnormality Id="708"
					 Name="ABNORMALITY_SNOWMAN_HEAD"
					 Icon="ICON_SNOWMANHEAD"/>
		<Abnormality Id="718"
					 Name="ABNORMALITY_POWERCONE"
					 Icon="ICON_ATTACKUP"/>
		<Abnormality Id="71C"
					 Name="ABNORMALITY_ICE_RES"
					 Icon="ICON_ICERES+"/>
	</Consumables>
	<Foods>
		<Abnormality Id="E4"
					 Name="ABNORMALITY_FOOD_TIMER"
					 Icon="ICON_MEAT"/>
	</Foods>
	<Gears>
		
	</Gears>
	<Skills>
		<Abnormality Id="6CC" 
					 Name="ABNORMALITY_DEMON_AMMO"
					 Icon="ICON_DEMONAMMO"/>
		<Abnormality Id="6D0" 
					 Name="ABNORMALITY_ARMOR_AMMO"
					 Icon="ICON_ARMORAMMO"/>
		<Abnormality Id="764"
					 Name="ABNORMALITY_FORTIFY"
					 Icon="ICON_ATTACKUP"/>
		<Abnormality Id="76C" 
					 Name="ABNORMALITY_PROTECTIVE_POLISH"
					 Icon="ICON_ARMORSKILL_DARKRED"/>
		<Abnormality Id="770" 
					 Name="ABNORMALITY_AFFINITY_SLIDING"
					 Icon="ICON_AFFINITY"/>
		<Abnormality Id="730" 
					 Name="ABNORMALITY_ELEMENT_ACCELERATION"
					 Icon="ICON_ELEATTACKUP"/>
		<Abnormality Id="738"
					 Name="ABNORMALITY_LATENTPOWER"
					 Icon="ICON_AFFINITY"/>
		<Abnormality Id="754"
					 Name="ABNORMALITY_ADRENALINE"
					 Icon="ICON_ARMORSKILL_SALMON"/>
		<Abnormality Id="7C8"
					 Name="ABNORMALITY_COOL_CAT"/>
		<Abnormality Id="788" 
					 Name="ABNORMALITY_FROSTCRAFT"
					 Icon="ICON_ARMORSKILL_WHITE"/>
		<Abnormality Id="79C"
					 Name="ABNORMALITY_OFFENSIVE_GUARD"
					 Icon="ICON_ATTACKUP"/>
		<Abnormality Id="7A0"
					 Name="ABNORMALITY_COALESCENCE"
					 Icon="ICON_ARMORSKILL_PURPLE"/>
		<Abnormality Id="FC4" 
					 Name="ABNORMALITY_EVASION_MANTLE"
					 Icon="ICON_MANTLE"
					 Category="Gears"/>
		<Abnormality Id="FC8" 
					 Name="ABNORMALITY_AFFINITTY_BOOSTER"
					 Icon="ICON_BOOSTER_RED"
					 Category="Gears"/>
	</Skills>
</Abnormalities>