﻿<?xml version="1.0" encoding="utf-8" ?>
<!--
    All the monster data was extracted from https://mhrise.mhrice.info/
    Special thanks to wwylele for creating it, checkout his work at: https://github.com/wwylele/mhrice/
-->
<GameData>
    <Ailments>
        <Ailment Id="-1" String="AILMENT_UNKNOWN"/>
        <Ailment Id="0" String="AILMENT_PARALYSIS"/>
        <Ailment Id="1" String="AILMENT_SLEEP"/>
        <Ailment Id="2" String="AILMENT_STUN"/>
        <Ailment Id="3" String="AILMENT_FLASH"/>
        <Ailment Id="4" String="AILMENT_POISON"/>
        <Ailment Id="5" String="AILMENT_BLAST"/>
        <Ailment Id="6" String="AILMENT_EXHAUST"/>
        <Ailment Id="7" String="AILMENT_RIDE"/>
        <Ailment Id="8" String="AILMENT_WATER"/>
        <Ailment Id="9" String="AILMENT_FIRE"/>
        <Ailment Id="10" String="AILMENT_ICE"/>
        <Ailment Id="11" String="AILMENT_THUNDER"/>
        <Ailment Id="12" String="AILMENT_PITFALLTRAP"/>
        <Ailment Id="13" String="AILMENT_SHOCKTRAP"/>
        <Ailment Id="14" String="AILMENT_TRANQUILIZE"/>
        <Ailment Id="15" String="AILMENT_DUNG"/>
        <Ailment Id="16" String="AILMENT_STEELFANG"/>
    </Ailments>
    <Monsters>
        <Monster Id="0"
                 Size="1754.37">
            <Weaknesses>
                <Weakness Name="Dragon"/>
                <Weakness Name="Thunder"/>
            </Weaknesses>
            <Parts>
                <Part Id="0" String="PART_HEAD" />
                <Part Id="1" String="PART_TORSO" />
                <Part Id="2" String="PART_L_WING" />
                <Part Id="3" String="PART_R_WING" />
                <Part Id="4" String="PART_L_LEG" />
                <Part Id="5" String="PART_R_LEG" />
                <Part Id="6" String="PART_TAIL" />
            </Parts>
        </Monster>
        <Monster Id="1"
                 Size="2017.53"
                 IsNotCapturable="true">
            <Crowns Mini="0.96"
                    Silver="1.1"
                    Gold="1.14"/>
            <Weaknesses>
                <Weakness Name="Dragon"/>
                <Weakness Name="Thunder"/>
            </Weaknesses>
            <Parts>
                <Part Id="0" String="PART_HEAD" />
                <Part Id="1" String="PART_TORSO" />
                <Part Id="2" String="PART_L_WING" />
                <Part Id="3" String="PART_R_WING" />
                <Part Id="4" String="PART_L_LEG" />
                <Part Id="5" String="PART_R_LEG" />
                <Part Id="6" String="PART_TAIL" />
            </Parts>
        </Monster>
        <Monster Id="2"
                 Size="1704.22">
            <Weaknesses>
                <Weakness Name="Dragon"/>
                <Weakness Name="Thunder"/>
            </Weaknesses>
            <Parts>
                <Part Id="0" String="PART_TORSO" />
                <Part Id="1" String="PART_L_WING" />
                <Part Id="2" String="PART_R_WING" />
                <Part Id="3" String="PART_L_LEG" />
                <Part Id="4" String="PART_R_LEG" />
                <Part Id="5" String="PART_NECK" />
                <Part Id="6" String="PART_HEAD" />
                <Part Id="7" String="PART_TAIL" />
            </Parts>
        </Monster>
        <Monster Id="3"
                 Size="1874.64"
                 IsNotCapturable="true">
            <Crowns Mini="0.97"
                    Silver="1.17"/>
            <Weaknesses>
                <Weakness Name="Dragon"/>
                <Weakness Name="Thunder"/>
            </Weaknesses>
            <Parts>
                <Part Id="0" String="PART_TORSO" />
                <Part Id="1" String="PART_L_WING" />
                <Part Id="2" String="PART_R_WING" />
                <Part Id="3" String="PART_L_LEG" />
                <Part Id="4" String="PART_R_LEG" />
                <Part Id="5" String="PART_NECK" />
                <Part Id="6" String="PART_HEAD" />
                <Part Id="7" String="PART_TAIL" />
            </Parts>
        </Monster>
        <Monster Id="4"
                 Size="881.28">
            <Crowns Silver="1.09"
                    Gold="1.14"/>
            <Weaknesses>
                <Weakness Name="Fire"/>
            </Weaknesses>
            <Parts>
                <Part Id="0" String="PART_HEAD" />
                <Part Id="1" String="PART_NECK" />
                <Part Id="2" String="PART_TORSO" />
                <Part Id="3" String="PART_L_LEG" />
                <Part Id="4" String="PART_R_LEG" />
                <Part Id="5" String="PART_L_WING" />
                <Part Id="6" String="PART_R_WING" />
                <Part Id="7" String="PART_TAIL" />
            </Parts>
        </Monster>
        <Monster Id="5"
                 Size="1413.01">
            <Weaknesses>
                <Weakness Name="Dragon"/>
            </Weaknesses>
            <Parts>
                <Part Id="0" String="PART_BACK" />
                <Part Id="1" String="PART_L_WING" />
                <Part Id="2" String="PART_R_WING" />
                <Part Id="3" String="PART_L_LEG" />
                <Part Id="4" String="PART_R_LEG" />
                <Part Id="5" String="PART_HEAD" />
                <Part Id="6" String="PART_CHEST" />
                <Part Id="7" String="PART_TAIL" />
            </Parts>
        </Monster>
        <Monster Id="6"
                 Size="2096.25">
            <Weaknesses>
                <Weakness Name="Ice"/>
                <Weakness Name="Water"/>
            </Weaknesses>
            <Parts>
                <Part Id="0" String="PART_HEAD" />
                <Part Id="1" String="PART_TORSO" />
                <Part Id="2" String="PART_L_WING" />
                <Part Id="3" String="PART_R_WING" />
                <Part Id="4" String="PART_L_LEG" />
                <Part Id="5" String="PART_R_LEG" />
                <Part Id="6" String="PART_TAIL" />
            </Parts>
        </Monster>
        <Monster Id="7"
                 Size="2270.94"
                 IsNotCapturable="true">
            <Crowns Mini="0.97"
                    Silver="1.17"/>
            <Weaknesses>
                <Weakness Name="Ice"/>
                <Weakness Name="Water"/>
            </Weaknesses>
            <Parts>
                <Part Id="0" String="PART_HEAD" />
                <Part Id="1" String="PART_TORSO" />
                <Part Id="2" String="PART_L_WING" />
                <Part Id="3" String="PART_R_WING" />
                <Part Id="4" String="PART_L_LEG" />
                <Part Id="5" String="PART_R_LEG" />
                <Part Id="6" String="PART_TAIL" />
            </Parts>
        </Monster>
        <Monster Id="8"
                 Size="845.91">
            <Crowns Mini="0.97"
                    Silver="1.17"/>
            <Weaknesses>
                <Weakness Name="Ice"/>
            </Weaknesses>
            <Parts>
                <Part Id="0" String="PART_HEAD" />
                <Part Id="1" String="PART_TORSO" />
                <Part Id="2" String="PART_L_ARM" />
                <Part Id="3" String="PART_R_ARM" />
                <Part Id="4" String="PART_L_LEG" />
                <Part Id="5" String="PART_R_LEG" />
                <Part Id="6" String="PART_TAIL" />
            </Parts>
        </Monster>
        <Monster Id="9"
                 Size="1913.13"
                 IsNotCapturable="true">
            <Crowns Mini="0.97"
                    Silver="1.17"/>
            <Weaknesses>
                <Weakness Name="Thunder"/>
            </Weaknesses>
            <Parts>
                <Part Id="0" String="PART_HEAD" />
                <Part Id="1" String="PART_TORSO" />
                <Part Id="2" String="PART_L_LEG" />
                <Part Id="3" String="PART_R_LEG" />
                <Part Id="4" String="PART_WINGS" />
                <Part Id="5" String="PART_TAIL" />
            </Parts>
        </Monster>
        <Monster Id="10"
                 Size="2249.06"
                 IsNotCapturable="true">
            <Crowns Mini="0.97"
                    Silver="1.17"/>
            <Weaknesses>
                <Weakness Name="Fire"/>
                <Weakness Name="Dragon"/>
            </Weaknesses>
            <Parts>
                <Part Id="0" String="PART_HEAD" />
                <Part Id="1" String="PART_CHEST" />
                <Part Id="2" String="PART_L_FORELEG" />
                <Part Id="3" String="PART_R_FORELEG" />
                <Part Id="4" String="PART_L_H_LEG" />
                <Part Id="5" String="PART_R_H_LEG" />
                <Part Id="6" String="PART_TAIL" />
                <Part Id="7" String="PART_WINGS" />
            </Parts>
        </Monster>
        <Monster Id="11"
                 Size="1790.15"
                 IsNotCapturable="true">
            <Crowns Mini="0.97"
                    Silver="1.17"/>
            <Weaknesses>
                <Weakness Name="Water"/>
                <Weakness Name="Ice"/>
            </Weaknesses>
            <Parts>
                <Part Id="0" String="PART_HEAD" />
                <Part Id="1" String="PART_CHEST" />
                <Part Id="2" String="PART_FORELEGS" />
                <Part Id="3" String="PART_H_LEGS" />
                <Part Id="4" String="PART_WINGS" />
                <Part Id="5" String="PART_TAIL" />
            </Parts>
        </Monster>
        <Monster Id="12"
                 Size="1941.89">
            <Weaknesses>
                <Weakness Name="Thunder"/>
                <Weakness Name="Dragon"/>
            </Weaknesses>
            <Parts>
                <Part Id="0" String="PART_HEAD" />
                <Part Id="1" String="PART_TORSO" />
                <Part Id="2" String="PART_L_FORELEG" />
                <Part Id="3" String="PART_R_FORELEG" />
                <Part Id="4" String="PART_L_H_LEG" />
                <Part Id="5" String="PART_R_H_LEG" />
                <Part Id="6" String="PART_TAIL" />
            </Parts>
        </Monster>
        <Monster Id="13"
                 Size="1914.14">
            <Weaknesses>
                <Weakness Name="Thunder"/>
                <Weakness Name="Fire"/>
            </Weaknesses>
            <Parts>
                <Part Id="0" String="PART_HEAD" />
                <Part Id="1" String="PART_TORSO" />
                <Part Id="2" String="PART_L_CUTWING" />
                <Part Id="3" String="PART_TAIL" />
                <Part Id="4" String="PART_FORELEGS" />
                <Part Id="5" String="PART_L_H_LEG" />
                <Part Id="6" String="PART_R_CUTWING" />
                <Part Id="7" String="PART_R_H_LEG" />
            </Parts>
        </Monster>
        <Monster Id="14"
                 Size="2091">
            <Weaknesses>
                <Weakness Name="Fire"/>
                <Weakness Name="Thunder"/>
            </Weaknesses>
            <Parts>
                <Part Id="0" String="PART_HEAD" />
                <Part Id="1" String="PART_TORSO" />
                <Part Id="2" String="PART_L_FORELEG" />
                <Part Id="3" String="PART_R_FORELEG" />
                <Part Id="4" String="PART_L_H_LEG" />
                <Part Id="5" String="PART_R_H_LEG" />
                <Part Id="6" String="PART_TAIL" />
            </Parts>
        </Monster>
        <Monster Id="15"
                 Size="1383.07">
            <Weaknesses>
                <Weakness Name="Fire"/>
                <Weakness Name="Ice"/>
            </Weaknesses>
            <Parts>
                <Part Id="0" String="PART_HEAD" />
                <Part Id="1" String="PART_TORSO" />
                <Part Id="2" String="PART_ARMS" />
                <Part Id="3" String="PART_L_LEG" />
                <Part Id="4" String="PART_R_LEG" />
                <Part Id="5" String="PART_TAIL" />
                <Part Id="6" String="PART_HEAD_MUD" />
                <Part Id="7" String="PART_TORSO_MUD" />
                <Part Id="8" String="PART_ARMS_MUD" />
                <Part Id="9" String="PART_L_LEG_MUD" />
                <Part Id="10" String="PART_R_LEG_MUD" />
                <Part Id="11" String="PART_TAIL_MUD" />
            </Parts>
        </Monster>
        <Monster Id="16"
                 Size="1529.26">
            <Weaknesses>
                <Weakness Name="Fire"/>
            </Weaknesses>
            <Parts>
                <Part Id="0" String="PART_HEAD" />
                <Part Id="1" String="PART_SPONGE" />
                <Part Id="2" String="PART_TORSO" />
                <Part Id="3" String="PART_L_LEGS" />
                <Part Id="4" String="PART_R_LEGS" />
                <Part Id="5" String="PART_TAIL" />
            </Parts>
        </Monster>
        <Monster Id="17"
                 Size="1017.65">
            <Weaknesses>
                <Weakness Name="Fire"/>
                <Weakness Name="Water"/>
            </Weaknesses>
            <Parts>
                <Part Id="0" String="PART_HEAD" />
                <Part Id="1" String="PART_BODY" />
                <Part Id="2" String="PART_TAIL" />
            </Parts>
        </Monster>
        <Monster Id="18"
                 Size="1540.66">
            <Weaknesses>
                <Weakness Name="Ice"/>
                <Weakness Name="Water"/>
            </Weaknesses>
            <Parts>
                <Part Id="0" String="PART_HEAD" />
                <Part Id="1" String="PART_TORSO" />
                <Part Id="2" String="PART_BACK" />
                <Part Id="3" String="PART_L_FORELEG" />
                <Part Id="4" String="PART_R_FORELEG" />
                <Part Id="5" String="PART_L_H_LEG" />
                <Part Id="6" String="PART_R_H_LEG" />
                <Part Id="7" String="PART_TAIL" />
            </Parts>
        </Monster>
        <Monster Id="19"
                 Size="1540.66"
                 IsNotCapturable="true">
            <Crowns Mini="0.97"
                    Silver="1.17"/>
            <Weaknesses>
                <Weakness Name="Ice"/>
            </Weaknesses>
            <Parts>
                <Part Id="0" String="PART_HEAD" />
                <Part Id="1" String="PART_TORSO" />
                <Part Id="2" String="PART_BACK" />
                <Part Id="3" String="PART_L_FORELEG" />
                <Part Id="4" String="PART_R_FORELEG" />
                <Part Id="5" String="PART_L_H_LEG" />
                <Part Id="6" String="PART_R_H_LEG" />
                <Part Id="7" String="PART_TAIL" />
            </Parts>
        </Monster>
        <Monster Id="20"
                 Size="935.98">
            <Weaknesses>
                <Weakness Name="Ice"/>
                <Weakness Name="Water"/>
            </Weaknesses>
            <Parts>
                <Part Id="0" String="PART_HEAD" />
                <Part Id="1" String="PART_BODY" />
                <Part Id="2" String="PART_TAIL" />
            </Parts>
        </Monster>
        <Monster Id="21"
                 Size="558.1">
            <Weaknesses>
                <Weakness Name="Fire"/>
                <Weakness Name="Ice"/>
                <Weakness Name="Thunder"/>
            </Weaknesses>
            <Parts>
                <Part Id="0" String="PART_HEAD" />
                <Part Id="1" String="PART_UPPER_BODY" />
                <Part Id="2" String="PART_FORELEGS" />
                <Part Id="3" String="PART_REAR" />
                <Part Id="4" String="PART_LOWER_BODY" />
            </Parts>
        </Monster>
        <Monster Id="22"
                 Size="710.3"
                 IsNotCapturable="true">
            <Crowns Mini="0.96"
                    Silver="1.03"
                    Gold="1.05"/>
            <Weaknesses>
                <Weakness Name="Fire"/>
            </Weaknesses>
            <Parts>
                <Part Id="0" String="PART_HEAD" />
                <Part Id="1" String="PART_UPPER_BODY" />
                <Part Id="2" String="PART_FORELEGS" />
                <Part Id="3" String="PART_REAR" />
                <Part Id="4" String="PART_LOWER_BODY" />
            </Parts>
        </Monster>
        <Monster Id="23"
                 Size="525.11">
            <Weaknesses>
                <Weakness Name="Fire"/>
            </Weaknesses>
            <Parts>
                <Part Id="0" String="PART_HEAD" />
                <Part Id="1" String="PART_UPPER_BODY" />
                <Part Id="2" String="PART_FORELEGS" />
                <Part Id="3" String="PART_REAR" />
                <Part Id="4" String="PART_LOWER_BODY" />
            </Parts>
        </Monster>
        <Monster Id="24"
                 Size="687.29">
            <Weaknesses>
                <Weakness Name="Water"/>
                <Weakness Name="Ice"/>
            </Weaknesses>
            <Parts>
                <Part Id="0" String="PART_UPPER_BACK" />
                <Part Id="1" String="PART_HEAD" />
                <Part Id="2" String="PART_FORELEGS" />
                <Part Id="3" String="PART_LOWER_BACK" />
                <Part Id="4" String="PART_H_LEGS" />
                <Part Id="5" String="PART_ROLLING" />
            </Parts>
        </Monster>
        <Monster Id="25"
                 Size="1832.1">
            <Weaknesses>
                <Weakness Name="Thunder"/>
                <Weakness Name="Dragon"/>
            </Weaknesses>
            <Parts>
                <Part Id="0" String="PART_HEAD" />
                <Part Id="1" String="PART_L_FORELEG" />
                <Part Id="2" String="PART_R_FORELEG" />
                <Part Id="3" String="PART_L_H_LEG" />
                <Part Id="4" String="PART_R_H_LEG" />
                <Part Id="5" String="PART_TORSO" />
                <Part Id="6" String="PART_TAIL" />
                <Part Id="7" String="PART_DORSAL_FIN" />
            </Parts>
        </Monster>
        <Monster Id="26"
                 Size="2198.52"
                 IsNotCapturable="true">
            <Crowns Mini="0.96"
                    Silver="1.1"
                    Gold="1.14"/>
            <Weaknesses>
                <Weakness Name="Thunder"/>
                <Weakness Name="Dragon"/>
            </Weaknesses>
            <Parts>
                <Part Id="0" String="PART_HEAD" />
                <Part Id="1" String="PART_L_FORELEG" />
                <Part Id="2" String="PART_R_FORELEG" />
                <Part Id="3" String="PART_L_H_LEG" />
                <Part Id="4" String="PART_R_H_LEG" />
                <Part Id="5" String="PART_TORSO" />
                <Part Id="6" String="PART_TAIL" />
                <Part Id="7" String="PART_DORSAL_FIN" />
            </Parts>
        </Monster>
        <Monster Id="27"
                 Size="2040.98"
                 IsNotCapturable="true">
            <Crowns Silver="1.11"
                    Gold="1.17"/>
            <Weaknesses>
                <Weakness Name="Fire"/>
                <Weakness Name="Water"/>
            </Weaknesses>
            <Parts>
                <Part Id="0" String="PART_HEAD" />
                <Part Id="1" String="PART_TORSO" />
                <Part Id="2" String="PART_L_WING" />
                <Part Id="3" String="PART_R_WING" />
                <Part Id="4" String="PART_L_FORELEG" />
                <Part Id="5" String="PART_R_FORELEG" />
                <Part Id="6" String="PART_TAIL" />
                <Part Id="7" String="PART_H_LEGS" />
                <Part Id="8" String="PART_CHEST" />
            </Parts>
        </Monster>
        <Monster Id="28"
                 Size="1820.89">
            <Weaknesses>
                <Weakness Name="Water"/>
            </Weaknesses>
            <Parts>
                <Part Id="0" String="PART_HEAD" />
                <Part Id="1" String="PART_TORSO" />
                <Part Id="2" String="PART_R_FORELEG" />
                <Part Id="3" String="PART_L_FORELEG" />
                <Part Id="4" String="PART_BACK" />
                <Part Id="5" String="PART_TAIL" />
                <Part Id="6" String="PART_H_LEGS" />
            </Parts>
        </Monster>
        <Monster Id="29"
                 Size="924.79">
            <Crowns Silver="1.09"
                    Gold="1.14"/>
            <Weaknesses>
                <Weakness Name="Ice"/>
            </Weaknesses>
            <Parts>
                <Part Id="0" String="PART_HEAD" />
                <Part Id="1" String="PART_TORSO" />
                <Part Id="2" String="PART_R_FORELEG" />
                <Part Id="3" String="PART_L_FORELEG" />
                <Part Id="4" String="PART_R_H_LEG" />
                <Part Id="5" String="PART_L_H_LEG" />
                <Part Id="6" String="PART_TAIL" />
            </Parts>
        </Monster>
        <Monster Id="30"
                 Size="998.33">
            <Crowns Mini="0.765"
                    Silver="0.9775"
                    Gold="1.0455"/>
            <Weaknesses>
                <Weakness Name="Thunder"/>
                <Weakness Name="Water"/>
            </Weaknesses>
            <Parts>
                <Part Id="0" String="PART_HEAD" />
                <Part Id="1" String="PART_NECK" />
                <Part Id="2" String="PART_L_WING" />
                <Part Id="3" String="PART_R_WING" />
                <Part Id="4" String="PART_TORSO" />
                <Part Id="5" String="PART_TAIL" />
                <Part Id="6" String="PART_LEGS" />
            </Parts>
        </Monster>
        <Monster Id="31"
                 Size="964.99">
            <Weaknesses>
                <Weakness Name="Thunder"/>
                <Weakness Name="Fire"/>
            </Weaknesses>
            <Parts>
                <Part Id="0" String="PART_HEAD" />
                <Part Id="1" String="PART_R_ARM" />
                <Part Id="2" String="PART_L_ARM" />
                <Part Id="3" String="PART_R_LEG" />
                <Part Id="4" String="PART_L_LEG" />
                <Part Id="5" String="PART_SHELL" />
                <Part Id="6" String="PART_CHEST" />
                <Part Id="7" String="PART_TAIL" />
            </Parts>
        </Monster>
        <Monster Id="32"
                 Size="1545">
            <Weaknesses>
                <Weakness Name="Thunder"/>
                <Weakness Name="Fire"/>
            </Weaknesses>
            <Parts>
                <Part Id="0" String="PART_TORSO" />
                <Part Id="1" String="PART_HEAD" />
                <Part Id="2" String="PART_UNKNOWN" />
                <Part Id="3" String="PART_L_ARM" />
                <Part Id="4" String="PART_R_ARM" />
                <Part Id="5" String="PART_L_LEG" />
                <Part Id="6" String="PART_R_LEG" />
                <Part Id="7" String="PART_TAIL" />
            </Parts>
        </Monster>
        <Monster Id="33"
                 Size="856.93">
            <Weaknesses>
                <Weakness Name="Ice"/>
            </Weaknesses>
            <Parts>
                <Part Id="0" String="PART_HEAD" />
                <Part Id="1" String="PART_CLAW" />
                <Part Id="2" String="PART_L_FORELEG" />
                <Part Id="3" String="PART_R_FORELEG" />
                <Part Id="4" String="PART_L_H_LEG" />
                <Part Id="5" String="PART_R_H_LEG" />
                <Part Id="6" String="PART_ABDOMEN" />
                <Part Id="7" String="PART_L_FORELEG" />
                <Part Id="8" String="PART_R_FORELEG" />
                <Part Id="9" String="PART_L_H_LEG" />
                <Part Id="10" String="PART_R_H_LEG" />
                <Part Id="11" String="PART_ABDOMEN" />
                <Part Id="12" String="PART_CHEST" />
            </Parts>
        </Monster>
        <Monster Id="34"
                 Size="2694.5">
            <Weaknesses>
                <Weakness Name="Fire"/>
                <Weakness Name="Ice"/>
            </Weaknesses>
            <Parts>
                <Part Id="0" String="PART_HEAD" />
                <Part Id="1" String="PART_TORSO" />
                <Part Id="2" String="PART_L_FORELEG" />
                <Part Id="3" String="PART_R_FORELEG" />
                <Part Id="4" String="PART_L_H_LEG" />
                <Part Id="5" String="PART_R_H_LEG" />
                <Part Id="6" String="PART_TAIL" />
                <Part Id="7" String="PART_TAIL_TIP" />
                <Part Id="8" String="PART_MUD_BALL" />
            </Parts>
        </Monster>
        <Monster Id="35"
                 Size="3068.6"
                 IsNotCapturable="true">
            <Weaknesses>
                <Weakness Name="Dragon"/>
                <Weakness Name="Fire"/>
            </Weaknesses>
            <Parts>
                <Part Id="0" String="PART_HEAD" />
                <Part Id="1" String="PART_R_ARM" />
                <Part Id="2" String="PART_L_ARM" />
                <Part Id="3" String="PART_LOWER_TORSO" />
                <Part Id="4" String="PART_BACK" />
                <Part Id="5" String="PART_TAIL" />
                <Part Id="6" String="PART_TAIL_WINDSAC" />
                <Part Id="7" String="PART_CHEST_WINDSAC" />
                <Part Id="8" String="PART_BACK_WINDSAC" />
            </Parts>
        </Monster>
        <Monster Id="36"
                 Size="730.97">
            <Weaknesses>
                <Weakness Name="Fire"/>
            </Weaknesses>
            <Parts>
                <Part Id="0" String="PART_HEAD" />
                <Part Id="1" String="PART_BACK" />
                <Part Id="2" String="PART_L_ARM" />
                <Part Id="3" String="PART_L_ARM_ICE" />
                <Part Id="4" String="PART_R_ARM" />
                <Part Id="5" String="PART_R_ARM_ICE" />
                <Part Id="6" String="PART_L_LEG" />
                <Part Id="7" String="PART_R_LEG" />
                <Part Id="8" String="PART_TORSO" />
            </Parts>
        </Monster>
        <Monster Id="37"
                 Size="1075.1">
            <Weaknesses>
                <Weakness Name="Thunder"/>
                <Weakness Name="Water"/>
            </Weaknesses>
            <Parts>
                <Part Id="0" String="PART_HEAD"/>
                <Part Id="1" String="PART_BODY"/>
                <Part Id="2" String="PART_ARMS"/>
                <Part Id="3" String="PART_TAIL"/>
            </Parts>
        </Monster>
        <Monster Id="38"
                 Size="3875.05"
                 IsNotCapturable="true">
            <Weaknesses>
                <Weakness Name="Dragon"/>
                <Weakness Name="Ice"/>
            </Weaknesses>
            <Parts>
                <Part Id="0" String="PART_HEAD" />
                <Part Id="1" String="PART_B_LEG_FINS" />
                <Part Id="2" String="PART_R_ARM" />
                <Part Id="3" String="PART_L_ARM" />
                <Part Id="4" String="PART_TAIL" />
                <Part Id="5" String="PART_TORSO" />
                <Part Id="6" String="PART_BACK" />
                <Part Id="7" String="PART_THUNDERBALLS" />
                <Part Id="8" String="PART_CHEST" />
            </Parts>
        </Monster>
        <Monster Id="39"
                 Size="3875.05"
                 IsNotCapturable="true">
            <Weaknesses>
                <Weakness Name="Dragon"/>
                <Weakness Name="Ice"/>
            </Weaknesses>
            <Parts>
                <Part Id="0" String="PART_HEAD" />
                <Part Id="1" String="PART_B_LEG_FINS" />
                <Part Id="2" String="PART_R_ARM" />
                <Part Id="3" String="PART_L_ARM" />
                <Part Id="4" String="PART_TAIL" />
                <Part Id="5" String="PART_TORSO" />
                <Part Id="6" String="PART_BACK" />
                <Part Id="7" String="PART_THUNDERBALLS" />
                <Part Id="8" String="PART_CHEST" />
            </Parts>
        </Monster>
        <Monster Id="40"
                 Size="1646.46">
            <Weaknesses>
                <Weakness Name="Water"/>
                <Weakness Name="Ice"/>
            </Weaknesses>
            <Parts>
                <Part Id="0" String="PART_HEAD" />
                <Part Id="1" String="PART_TORSO" />
                <Part Id="2" String="PART_L_LEG" />
                <Part Id="3" String="PART_R_LEG" />
                <Part Id="4" String="PART_TAIL" />
                <Part Id="5" String="PART_L_WING" />
                <Part Id="6" String="PART_R_WING" />
            </Parts>
        </Monster>
        <Monster Id="41"
                 Size="1102.45">
            <Weaknesses>
                <Weakness Name="Thunder"/>
                <Weakness Name="Ice"/>
            </Weaknesses>
            <Parts>
                <Part Id="0" String="PART_HEAD" />
                <Part Id="1" String="PART_TORSO" />
                <Part Id="2" String="PART_L_WING" />
                <Part Id="3" String="PART_R_WING" />
                <Part Id="4" String="PART_L_LEG" />
                <Part Id="5" String="PART_R_LEG" />
                <Part Id="6" String="PART_TAIL" />
            </Parts>
        </Monster>
        <Monster Id="42"
                 Size="901.24">
            <Weaknesses>
                <Weakness Name="Water"/>
            </Weaknesses>
            <Parts>
                <Part Id="0" String="PART_HEAD" />
                <Part Id="1" String="PART_ARMS" />
                <Part Id="2" String="PART_BODY" />
                <Part Id="3" String="PART_TAIL" />
                <Part Id="4" String="PART_ROCK" />
                <Part Id="5" String="PART_POT" />
            </Parts>
        </Monster>
        <Monster Id="43"
                 Size="901.24">
            <Weaknesses>
                <Weakness Name="Thunder"/>
            </Weaknesses>
            <Parts>
                <Part Id="0" String="PART_HEAD" />
                <Part Id="1" String="PART_TORSO" />
                <Part Id="2" String="PART_L_LEG" />
                <Part Id="3" String="PART_R_LEG" />
                <Part Id="4" String="PART_TAIL" />
                <Part Id="5" String="PART_HEAD_MUD" />
                <Part Id="6" String="PART_TORSO_MUD" />
                <Part Id="7" String="PART_L_LEG_MUD" />
                <Part Id="8" String="PART_R_LEG_MUD" />
                <Part Id="9" String="PART_TAIL_MUD" />
            </Parts>
        </Monster>
        <Monster Id="44"
                 Size="1300.52">
            <Weaknesses>
                <Weakness Name="Water"/>
                <Weakness Name="Fire"/>
            </Weaknesses>
            <Parts>
                <Part Id="0" String="PART_HEAD" />
                <Part Id="1" String="PART_TORSO" />
                <Part Id="2" String="PART_BACK" />
                <Part Id="3" String="PART_FORELEGS" />
                <Part Id="4" String="PART_H_LEGS" />
                <Part Id="5" String="PART_TAIL" />
            </Parts>
        </Monster>
        <Monster Id="45"
                 Size="1928.38">
            <Weaknesses>
                <Weakness Name="Thunder"/>
            </Weaknesses>
            <Parts>
                <Part Id="0" String="PART_HEAD" />
                <Part Id="1" String="PART_TORSO" />
                <Part Id="2" String="PART_LEGS" />
                <Part Id="3" String="PART_L_WING" />
                <Part Id="4" String="PART_R_WING" />
                <Part Id="5" String="PART_TAIL" />
            </Parts>
        </Monster>
        <Monster Id="46"
                 Size="0"
                 IsNotCapturable="true">
            <Weaknesses>
                <Weakness Name="Fire"/>
                <Weakness Name="Water"/>
                <Weakness Name="Ice"/>
                <Weakness Name="Thunder"/>
                <Weakness Name="Dragon"/>
            </Weaknesses>
            <Parts>
                <Part Id="0" String="PART_HEAD" />
                <Part Id="1" String="PART_TORSO" />
                <Part Id="2" String="PART_LEGS" />
                <Part Id="3" String="PART_L_WING" />
                <Part Id="4" String="PART_R_WING" />
                <Part Id="5" String="PART_TAIL" />
            </Parts>
        </Monster>
        <Monster Id="76"
                 Size="1754.37">
            <Crowns Mini="0.97"
                    Silver="1.17"/>
            <Weaknesses>
                <Weakness Name="Thunder"/>
                <Weakness Name="Water"/>
                <Weakness Name="Ice"/>
            </Weaknesses>
            <Parts>
                <Part Id="0" String="PART_HEAD" />
                <Part Id="1" String="PART_BODY" />
                <Part Id="2" String="PART_L_WING" />
                <Part Id="3" String="PART_R_WING" />
                <Part Id="4" String="PART_L_LEG" />
                <Part Id="5" String="PART_R_LEG" />
                <Part Id="6" String="PART_TAIL" />
            </Parts>
        </Monster>
        <Monster Id="77"
                 Size="1704.22">
            <Crowns Mini="0.97"
                    Silver="1.17"/>
            <Weaknesses>
                <Weakness Name="Water"/>
                <Weakness Name="Thunder"/>
                <Weakness Name="Ice"/>
            </Weaknesses>
            <Parts>
                <Part Id="0" String="PART_BODY" />
                <Part Id="1" String="PART_L_WING" />
                <Part Id="2" String="PART_R_WING" />
                <Part Id="3" String="PART_L_LEG" />
                <Part Id="4" String="PART_R_LEG" />
                <Part Id="5" String="PART_NECK" />
                <Part Id="6" String="PART_HEAD" />
                <Part Id="7" String="PART_TAIL" />
            </Parts>
        </Monster>
        <Monster Id="78"
                 Size="495.95">
            <Weaknesses>
                <Weakness Name="Thunder"/>
            </Weaknesses>
            <Parts>
                <Part Id="0" String="PART_HEAD" />
                <Part Id="1" String="PART_BODY" />
                <Part Id="2" String="PART_SHELL" />
                <Part Id="3" String="PART_L_LEG" />
                <Part Id="4" String="PART_R_LEG" />
                <Part Id="5" String="PART_L_CLAW" />
                <Part Id="6" String="PART_R_CLAW" />
                <Part Id="7" String="PART_FORELEGS" />
            </Parts>
        </Monster>
        <Monster Id="79"
                 Size="596.24">
            <Weaknesses>
                <Weakness Name="Thunder"/>
                <Weakness Name="Fire"/>
            </Weaknesses>
            <Parts>
                <Part Id="0" String="PART_HEAD" />
                <Part Id="1" String="PART_BODY" />
                <Part Id="2" String="PART_SHELL" />
                <Part Id="3" String="PART_L_LEG" />
                <Part Id="4" String="PART_R_LEG" />
                <Part Id="5" String="PART_L_CLAW" />
                <Part Id="6" String="PART_R_CLAW" />
                <Part Id="7" String="PART_FORELEGS" />
                <Part Id="8" String="PART_SHELL" />
                <Part Id="9" String="PART_SHELL" />
            </Parts>
        </Monster>
        <Monster Id="80"
                 Size="845.91">
            <Crowns Mini="0.97"
                    Silver="1.17"/>
            <Weaknesses>
                <Weakness Name="Ice"/>
                <Weakness Name="Water"/>
            </Weaknesses>
            <Parts>
                <Part Id="0" String="PART_HEAD" />
                <Part Id="1" String="PART_TORSO" />
                <Part Id="2" String="PART_L_ARM" />
                <Part Id="3" String="PART_R_ARM" />
                <Part Id="4" String="PART_L_H_LEG" />
                <Part Id="5" String="PART_R_H_LEG" />
                <Part Id="6" String="PART_TAIL" />
            </Parts>
        </Monster>
        <Monster Id="81"
                 Size="2012.03">
            <Crowns Mini="0.97"
                    Silver="1.17"/>
            <Weaknesses>
                <Weakness Name="Ice"/>
                <Weakness Name="Dragon"/>
            </Weaknesses>
            <Parts>
                <Part Id="0" String="PART_HEAD" />
                <Part Id="1" String="PART_BODY" />
                <Part Id="2" String="PART_L_CUTWING" />
                <Part Id="3" String="PART_TAIL" />
                <Part Id="4" String="PART_FORELEG" />
                <Part Id="5" String="PART_H_LEG" />
                <Part Id="6" String="PART_R_CUTWING" />
                <Part Id="7" String="PART_H_LEG" />
                <Part Id="7" String="PART_H_LEG" />
            </Parts>
        </Monster>
        <Monster Id="82"
                 Size="1765.78">
            <Crowns Silver="1.11"
                    Gold="1.17"/>
            <Weaknesses>
                <Weakness Name="Fire"/>
            </Weaknesses>
            <Parts>
                <Part Id="0" String="PART_HEAD" />
                <Part Id="1" String="PART_TORSO" />
                <Part Id="2" String="PART_L_WING" />
                <Part Id="3" String="PART_R_WING" />
                <Part Id="4" String="PART_FORELEGS" />
                <Part Id="5" String="PART_H_LEGS" />
                <Part Id="6" String="PART_TAIL" />
                <Part Id="7" String="PART_ANTENNA" />
            </Parts>
        </Monster>
        <Monster Id="83"
                 Size="1735.54"
                 IsNotCapturable="true">
            <Crowns Silver="1.11"
                    Gold="1.17"/>
            <Weaknesses>
                <Weakness Name="Dragon"/>
                <Weakness Name="Fire"/>
            </Weaknesses>
            <Parts>
                <Part Id="0" String="PART_HEAD" />
                <Part Id="1" String="PART_TORSO" />
                <Part Id="2" String="PART_L_WING" />
                <Part Id="3" String="PART_R_WING" />
                <Part Id="4" String="PART_FORELEGS" />
                <Part Id="5" String="PART_H_LEGS" />
                <Part Id="6" String="PART_TAIL" />
            </Parts>
        </Monster>
        <Monster Id="84"
                 Size="1679">
            <Weaknesses>
                <Weakness Name="Thunder"/>
                <Weakness Name="Ice"/>
            </Weaknesses>
            <Parts>
                <Part Id="0" String="PART_HEAD" />
                <Part Id="1" String="PART_TORSO" />
                <Part Id="2" String="PART_L_LEG" />
                <Part Id="3" String="PART_R_LEG" />
                <Part Id="4" String="PART_L_WING" />
                <Part Id="5" String="PART_R_WING" />
                <Part Id="6" String="PART_TAIL" />
            </Parts>
        </Monster>
        <Monster Id="85"
                 Size="1740.84">
            <Weaknesses>
                <Weakness Name="Ice"/>
            </Weaknesses>
            <Parts>
                <Part Id="0" String="PART_CREST" />
                <Part Id="1" String="PART_TORSO" />
                <Part Id="2" String="PART_R_WING" />
                <Part Id="3" String="PART_L_WING" />
                <Part Id="4" String="PART_R_LEG" />
                <Part Id="5" String="PART_L_LEG" />
                <Part Id="6" String="PART_TAIL" />
                <Part Id="7" String="PART_TAIL_TIP" />
            </Parts>
        </Monster>
        <Monster Id="86"
                 Size="1832.1">
            <Crowns Mini="0.97" 
                    Silver="1.17"/>
            <Weaknesses>
                <Weakness Name="Ice"/>
                <Weakness Name="Thunder"/>
            </Weaknesses>
            <Parts>
                <Part Id="0" String="PART_HEAD" />
                <Part Id="1" String="PART_L_FORELEG" />
                <Part Id="2" String="PART_R_FORELEG" />
                <Part Id="3" String="PART_L_H_LEG" />
                <Part Id="4" String="PART_R_H_LEG" />
                <Part Id="5" String="PART_TORSO" />
                <Part Id="6" String="PART_TAIL" />
                <Part Id="7" String="PART_DORSAL_FIN" />
            </Parts>
        </Monster>
        <Monster Id="87"
                 Size="2002.97">
            <Crowns Silver="1.11"
                    Gold="1.17"/>
            <Weaknesses>
                <Weakness Name="Water"/>
                <Weakness Name="Thunder"/>
            </Weaknesses>
            <Parts>
                <Part Id="0" String="PART_HEAD" />
                <Part Id="1" String="PART_TORSO" />
                <Part Id="2" String="PART_R_ARM" />
                <Part Id="3" String="PART_L_ARM" />
                <Part Id="4" String="PART_BACK" />
                <Part Id="5" String="PART_TAIL" />
                <Part Id="6" String="PART_H_LEGS" />
            </Parts>
        </Monster>
        <Monster Id="88"
                 Size="924.79">
            <Crowns Silver="1.09"
                    Gold="1.14"/>
            <Weaknesses>
                <Weakness Name="Water"/>
            </Weaknesses>
            <Parts>
                <Part Id="0" String="PART_HEAD" />
                <Part Id="1" String="PART_BODY" />
                <Part Id="2" String="PART_R_ARM" />
                <Part Id="3" String="PART_L_ARM" />
                <Part Id="4" String="PART_R_H_LEG" />
                <Part Id="5" String="PART_L_H_LEG" />
                <Part Id="6" String="PART_TAIL" />
            </Parts>
        </Monster>
        <Monster Id="89"
                 Size="1545">
            <Weaknesses>
                <Weakness Name="Fire"/>
                <Weakness Name="Thunder"/>
            </Weaknesses>
            <Parts>
                <Part Id="0" String="PART_TORSO" />
                <Part Id="1" String="PART_HEAD" />
                <Part Id="2" String="PART_NECK" />
                <Part Id="3" String="PART_L_ARM" />
                <Part Id="4" String="PART_R_ARM" />
                <Part Id="5" String="PART_L_LEG" />
                <Part Id="6" String="PART_R_LEG" />
                <Part Id="7" String="PART_TAIL" />
            </Parts>
        </Monster>
        <Monster Id="90"
                 Size="856.93">
            <Weaknesses>
                <Weakness Name="Water"/>
                <Weakness Name="Ice"/>
            </Weaknesses>
            <Parts>
                <Part Id="0" String="PART_HEAD" />
                <Part Id="1" String="PART_CLAW" />
                <Part Id="2" String="PART_L_FORELEG" />
                <Part Id="3" String="PART_R_FORELEG" />
                <Part Id="4" String="PART_L_H_LEG" />
                <Part Id="5" String="PART_R_H_LEG" />
                <Part Id="6" String="PART_ABDOMEN" />
                <Part Id="7" String="PART_L_FORELEG" />
                <Part Id="8" String="PART_R_FORELEG" />
                <Part Id="9" String="PART_L_H_LEG" />
                <Part Id="10" String="PART_R_H_LEG" />
                <Part Id="11" String="PART_ABDOMEN" />
                <Part Id="12" String="PART_CHEST" />
            </Parts>
        </Monster>
        <Monster Id="91"
                 Size="2245.29">
            <Weaknesses>
                <Weakness Name="Water"/>
                <Weakness Name="Ice"/>
            </Weaknesses>
            <Parts>
                <Part Id="0" String="PART_HEAD" />
                <Part Id="1" String="PART_BODY" />
                <Part Id="2" String="PART_L_ARM" />
                <Part Id="3" String="PART_R_ARM" />
                <Part Id="4" String="PART_L_H_LEG" />
                <Part Id="5" String="PART_R_H_LEG" />
                <Part Id="6" String="PART_TAIL" />
                <Part Id="7" String="PART_TAIL_TIP" />
                <Part Id="8" String="PART_MUD_BALL" />
            </Parts>
        </Monster>
        <Monster Id="92"
                 Size="1928.38">
            <Weaknesses>
                <Weakness Name="Ice"/>
                <Weakness Name="Thunder"/>
            </Weaknesses>
            <Parts>
                <Part Id="0" String="PART_HEAD" />
                <Part Id="1" String="PART_BODY" />
                <Part Id="2" String="PART_LEGS" />
                <Part Id="3" String="PART_L_WING" />
                <Part Id="4" String="PART_R_WING" />
                <Part Id="5" String="PART_TAIL" />
            </Parts>
        </Monster>
        <Monster Id="93"
                 Size="2081.64"
                 IsNotCapturable="true">
            <Crowns Silver="1.11"
                    Gold="1.17"/>
            <Weaknesses>
                <Weakness Name="Dragon"/>
            </Weaknesses>
            <Parts>
                <Part Id="0" String="PART_HEAD" />
                <Part Id="1" String="PART_TORSO" />
                <Part Id="2" String="PART_L_ARM" />
                <Part Id="3" String="PART_R_ARM" />
                <Part Id="4" String="PART_H_LEGS" />
                <Part Id="5" String="PART_WINGS" />
                <Part Id="6" String="PART_TAIL" />
            </Parts>
        </Monster>
        <Monster Id="94"
                 Size="1414.23">
            <Weaknesses>
                <Weakness Name="Fire"/>
                <Weakness Name="Thunder"/>
            </Weaknesses>
            <Parts>
                <Part Id="0" String="PART_HEAD" />
                <Part Id="1" String="PART_BODY" />
                <Part Id="2" String="PART_L_ARM" />
                <Part Id="3" String="PART_R_ARM" />
                <Part Id="4" String="PART_H_LEGS" />
                <Part Id="5" String="PART_TAIL" />
                <Part Id="6" String="PART_ABDOMEN" />
                <Part Id="7" String="PART_BACK" />
            </Parts>
        </Monster>
        <Monster Id="95"
                 Size="1529.4">
            <Crowns Silver="1.11"
                    Gold="1.17"/>
            <Weaknesses>
                <Weakness Name="Thunder"/>
            </Weaknesses>
            <Parts>
                <Part Id="0" String="PART_HEAD" />
                <Part Id="1" String="PART_HEAD" />
                <Part Id="2" String="PART_TORSO" />
                <Part Id="3" String="PART_L_ARM" />
                <Part Id="4" String="PART_R_ARM" />
                <Part Id="5" String="PART_H_LEG" />
                <Part Id="6" String="PART_H_LEG" />
                <Part Id="7" String="PART_TAIL" />
            </Parts>
        </Monster>
        <Monster Id="96"
                 Size="4807.54"
                 IsNotCapturable="true">
            <Weaknesses>
                <Weakness Name="Dragon"/>
                <Weakness Name="Thunder"/>
            </Weaknesses>
            <Parts>
                <Part Id="0" String="PART_HEAD" />
                <Part Id="1" String="PART_TORSO" />
                <Part Id="2" String="PART_WING_CLAW" />
                <Part Id="3" String="PART_WING_CLAW" />
                <Part Id="4" String="PART_WING_CLAW" />
                <Part Id="5" String="PART_WING_CLAW" />
                <Part Id="6" String="PART_FORELEG" />
                <Part Id="7" String="PART_FORELEG" />
                <Part Id="8" String="PART_FORELEG" />
                <Part Id="9" String="PART_FORELEG" />
                <Part Id="10" String="PART_H_LEG" />
                <Part Id="11" String="PART_H_LEG" />
                <Part Id="12" String="PART_TAIL" />
                <Part Id="13" String="PART_HEAD" />
                <Part Id="14" String="PART_BACK" />
            </Parts>
        </Monster>
        <Monster Id="97"
                 Size="1755.25">
            <Weaknesses>
                <Weakness Name="Ice"/>
            </Weaknesses>
            <Parts>
                <Part Id="0" String="PART_HEAD" />
                <Part Id="1" String="PART_TORSO" />
                <Part Id="2" String="PART_WINGS" />
                <Part Id="3" String="PART_LEGS" />
                <Part Id="4" String="PART_TAIL" />
            </Parts>
        </Monster>
        <Monster Id="98"
                 Size="1755.25">
            <Weaknesses>
                <Weakness Name="Water"/>
            </Weaknesses>
            <Parts>
                <Part Id="0" String="PART_HEAD" />
                <Part Id="1" String="PART_TORSO" />
                <Part Id="2" String="PART_WINGS" />
                <Part Id="3" String="PART_LEGS" />
                <Part Id="4" String="PART_TAIL" />
            </Parts>
        </Monster>
        <Monster Id="107"
                 Size="1913.13">
            <Crowns Mini="0.97"
                    Silver="1.17"/>
            <Weaknesses>
                <Weakness Name="Thunder"/>
                <Weakness Name="Fire"/>
            </Weaknesses>
            <Parts>
                <Part Id="0" String="PART_HEAD" />
                <Part Id="1" String="PART_TORSO" />
                <Part Id="2" String="PART_L_LEG" />
                <Part Id="3" String="PART_R_LEG" />
                <Part Id="4" String="PART_WINGS" />
                <Part Id="5" String="PART_TAIL" />
            </Parts>
        </Monster>
        <Monster Id="108"
                 Size="2249.06">
            <Crowns Mini="0.97"
                    Silver="1.17"/>
            <Weaknesses>
                <Weakness Name="Fire"/>
                <Weakness Name="Dragon"/>
            </Weaknesses>
            <Parts>
                <Part Id="0" String="PART_HEAD" />
                <Part Id="1" String="PART_CHEST" />
                <Part Id="2" String="PART_L_FORELEG" />
                <Part Id="3" String="PART_R_FORELEG" />
                <Part Id="4" String="PART_L_H_LEG" />
                <Part Id="5" String="PART_R_H_LEG" />
                <Part Id="6" String="PART_TAIL" />
                <Part Id="7" String="PART_WINGS" />
            </Parts>
        </Monster>
        <Monster Id="109"
                 Size="1790.15">
            <Crowns Mini="0.97"
                    Silver="1.17"/>
            <Weaknesses>
                <Weakness Name="Water"/>
                <Weakness Name="Ice"/>
            </Weaknesses>
            <Parts>
                <Part Id="0" String="PART_HEAD" />
                <Part Id="1" String="PART_CHEST" />
                <Part Id="2" String="PART_FORELEGS" />
                <Part Id="3" String="PART_H_LEGS" />
                <Part Id="4" String="PART_WINGS" />
                <Part Id="5" String="PART_TAIL" />
            </Parts>
        </Monster>
        <Monster Id="111"
                 Size="2040.98"
                 IsNotCapturable="true">
            <Crowns Silver="1.11"
                    Gold="1.17"/>
            <Weaknesses>
                <Weakness Name="Fire"/>
                <Weakness Name="Water"/>
            </Weaknesses>
            <Parts>
                <Part Id="0" String="PART_HEAD" />
                <Part Id="1" String="PART_TORSO" />
                <Part Id="2" String="PART_L_WING" />
                <Part Id="3" String="PART_R_WING" />
                <Part Id="4" String="PART_L_FORELEG" />
                <Part Id="5" String="PART_R_FORELEG" />
                <Part Id="6" String="PART_TAIL" />
                <Part Id="7" String="PART_H_LEGS" />
                <Part Id="8" String="PART_CHEST" />
            </Parts>
        </Monster>
        <Monster Id="113"
                 Size="1765.78">
            <Crowns Silver="1.11"
                    Gold="1.17"/>
            <Weaknesses>
                <Weakness Name="Fire"/>
                <Weakness Name="Dragon"/>
            </Weaknesses>
            <Parts>
                <Part Id="0" String="PART_HEAD" />
                <Part Id="1" String="PART_TORSO" />
                <Part Id="2" String="PART_L_WING" />
                <Part Id="3" String="PART_R_WING" />
                <Part Id="4" String="PART_FORELEGS" />
                <Part Id="5" String="PART_H_LEGS" />
                <Part Id="6" String="PART_TAIL" />
                <Part Id="7" String="PART_ANTENNA" />
            </Parts>
        </Monster>
        <Monster Id="114"
                 Size="2596.05"
                 IsNotCapturable="true">
            <Crowns Mini="0.97"
                    Silver="1.15"/>
            <Weaknesses>
                <Weakness Name="Fire"/>
                <Weakness Name="Dragon"/>
            </Weaknesses>
            <Parts>
                <Part Id="0" String="PART_HEAD" />
                <Part Id="1" String="PART_TORSO" />
                <Part Id="2" String="PART_FORELEG" />
                <Part Id="3" String="PART_LEGS" />
                <Part Id="4" String="PART_WINGS" />
                <Part Id="5" String="PART_TAIL" />
                <Part Id="6" String="PART_TO_BE_MAPPED" />
                <Part Id="7" String="PART_TO_BE_MAPPED" />
                <Part Id="8" String="PART_TO_BE_MAPPED" />
                <Part Id="9" String="PART_TO_BE_MAPPED" />
                <Part Id="10" String="PART_TO_BE_MAPPED" />
                <Part Id="11" String="PART_TO_BE_MAPPED" />
            </Parts>
        </Monster>
    </Monsters>
</GameData>
